use cintas;
INSERT INTO customers VALUES ('cjn5te4to0001sbr9p7753lwp',utc_timestamp(),utc_timestamp(),'testcustomer','Testkunde');
INSERT INTO laundry_customers VALUES ('100327468178604032',utc_timestamp(),utc_timestamp(),'testcustomer','Testkunde','cjn5te4to0001sbr9p7753lwp');
INSERT INTO facilities VALUES ('cjnadbv8q0003vwt9ee1e9sud',utc_timestamp(),utc_timestamp(),'Teststelle','Teststellung','cjn5te4to0001sbr9p7753lwp');
INSERT INTO facility_laundry_customer VALUES ('700527438178473258',utc_timestamp(),utc_timestamp(),'cjnadbv8q0003vwt9ee1e9sud','100327468178604032');
INSERT INTO readers (cuid, created_at, updated_at, id, display_label, ip_address, facility_id, customer_id) VALUES('100327468178604033', '2023-05-25 14:53:52.000', '2023-05-25 14:53:52.000', 'reader1', 'testreader', 'Testreader', 'cjnadbv8q0003vwt9ee1e9sud', 'cjn5te4to0001sbr9p7753lwp');
INSERT INTO item_status_types (cuid, created_at, updated_at, name, status_text, status_code, customer_id) VALUES('100328756316471296', utc_timestamp(), utc_timestamp(), 'NewStatus', 'new in the system', NULL, NULL);
INSERT INTO item_status_types (cuid, created_at, updated_at, name, status_text, status_code, customer_id) VALUES('M0ZhUy6xejJm518gm', utc_timestamp(), utc_timestamp(), 'AtFacilityDryerStatus', 'dried at facility', NULL, NULL);
INSERT INTO item_status_types (cuid, created_at, updated_at, name, status_text, status_code, customer_id) VALUES('KeRZkMlcSNLdA5bNQ', utc_timestamp(), utc_timestamp(), 'AtFacilityTableStatus', 'dried at facility', NULL, NULL);
INSERT INTO item_status_types (cuid, created_at, updated_at, name, status_text, status_code, customer_id) VALUES('BaPqNL8QHlK05s01D', utc_timestamp(), utc_timestamp(), 'AtFacilityCleanStatus', 'dried at facility', NULL, NULL);
INSERT INTO item_status_types (cuid, created_at, updated_at, name, status_text, status_code, customer_id) VALUES('0aluZHewGwIQeCgN7', utc_timestamp(), utc_timestamp(), 'AtFacilityDryerStatus', 'dried at facility', NULL, NULL);
INSERT INTO item_status_types (cuid, created_at, updated_at, name, status_text) VALUES(uuid_short(), utc_timestamp(), utc_timestamp(), 'AtFacilityStatus', "At Facility");
INSERT INTO item_status_types (cuid, created_at, updated_at, name, status_text, status_code, customer_id) VALUES('v50pOSzX0bC1jKruR', utc_timestamp(), utc_timestamp(), 'AtCustomerStatus', 'dried at facility', NULL, NULL);
INSERT INTO item_status_types (cuid, created_at, updated_at, name, status_text, status_code, customer_id) VALUES('1LQady5EaTLutW5Lq', utc_timestamp(), utc_timestamp(), 'AtUnknownCustomerStatus', 'dried at facility', NULL, NULL);
INSERT INTO item_status_types (cuid, created_at, updated_at, name, status_text, status_code, customer_id) VALUES('aQuEgSg69PDCwADqE', utc_timestamp(), utc_timestamp(), 'SortedOutStatus', 'dried at facility', NULL, NULL);
INSERT INTO item_status_types (cuid, created_at, updated_at, name, status_text, status_code, customer_id) VALUES('Fc0bcjmbcCYemlV9A', utc_timestamp(), utc_timestamp(), 'UnknownStatus', 'dried at facility', NULL, NULL);
INSERT INTO scan_action_types (cuid, created_at, updated_at, name, display_label, customer_id) VALUES('Uc8hZ4iB4yAvqMO2c',utc_timestamp(),utc_timestamp(),'DirtyInScan', 'Scan at dryer', 'cjn5te4to0001sbr9p7753lwp');
INSERT INTO scan_action_types (cuid, created_at, updated_at, name, display_label, customer_id) VALUES('rn2Eo2Kr8rN4Io00n', utc_timestamp(), utc_timestamp(), 'CleanInScan', 'Scan at Gate/In', 'cjn5te4to0001sbr9p7753lwp');
INSERT INTO scan_action_types (cuid, created_at, updated_at, name, display_label, customer_id) VALUES('WdN7wPgyr1x6EXsNv', utc_timestamp(), utc_timestamp(), 'OutScan', 'Scan at Gate/Out', 'cjn5te4to0001sbr9p7753lwp');
INSERT INTO scan_action_types (cuid, created_at, updated_at, name, display_label, customer_id) VALUES('HOsUQV5EHQfyORf0V', utc_timestamp(), utc_timestamp(), 'TableScan', 'Scan at Gate/Out', 'cjn5te4to0001sbr9p7753lwp');
(cuid, created_at, updated_at, name, expected_lifetime, bundle_target, customer_id)
VALUES('euiaRExbsA20IqvOz', utc_timestamp(), utc_timestamp(), 'Jacke', 30, 10, 'cjn5te4to0001sbr9p7753lwp');
INSERT INTO cintas.products
(cuid, created_at, updated_at, name, product_number, expected_lifetime, product_type_id, customer_id)
VALUES('uw3EqZBpGCbrj4NNw', utc_timestamp(), utc_timestamp(), 'Arbeitsjacke S', '08000', NULL, 'euiaRExbsA20IqvOz', 'cjn5te4to0001sbr9p7753lwp');
SET FOREIGN_KEY_CHECKS=0;
INSERT INTO cintas.item_statuses (cuid, created_at, updated_at, item_status_type_id, customer_id, item_id) VALUES ('Hmm1GKsawZlPmPlcY', utc_timestamp(), utc_timestamp(), '100328756316471296', 'cjn5te4to0001sbr9p7753lwp', 'PMEUifr2qewSz25mI');
INSERT INTO cintas.items
(cuid, created_at, updated_at, cycle_count, product_id, customer_id, last_status_id)
VALUES('PMEUifr2qewSz25mI', utc_timestamp(), utc_timestamp(), 0,'uw3EqZBpGCbrj4NNw', 'cjn5te4to0001sbr9p7753lwp', 'Hmm1GKsawZlPmPlcY');
SET FOREIGN_KEY_CHECKS=1;


INSERT INTO product_types (cuid, created_at, updated_at, name, expected_lifetime, bundle_target, customer_id)
VALUES('xikuhBua1BoXTZ3MX', utc_timestamp(), utc_timestamp(), 'Tischw채sche', 30, 10, 'cjn5te4to0001sbr9p7753lwp');
INSERT INTO product_types (cuid, created_at, updated_at, name, expected_lifetime, bundle_target, customer_id)
VALUES('XcIksMtwIW3b0EIVR', utc_timestamp(), utc_timestamp(), 'Berufsbekleidung', 30, 10, 'cjn5te4to0001sbr9p7753lwp');
INSERT INTO product_types (cuid, created_at, updated_at, name, expected_lifetime, bundle_target, customer_id)
VALUES('7POCXqDFnvxISD4MI', utc_timestamp(), utc_timestamp(), 'Bewohnerw채sche', 30, 10, 'cjn5te4to0001sbr9p7753lwp');
INSERT INTO product_types (cuid, created_at, updated_at, name, expected_lifetime, bundle_target, customer_id)
VALUES('NLfzJQA3RbphCWnWg', utc_timestamp(), utc_timestamp(), 'Tragetasche', 30, 10, 'cjn5te4to0001sbr9p7753lwp');
INSERT INTO product_types (cuid, created_at, updated_at, name, expected_lifetime, bundle_target, customer_id)
VALUES('aduogcnTu3MIys5BH', utc_timestamp(), utc_timestamp(), 'Kissenbezug', 30, 10, 'cjn5te4to0001sbr9p7753lwp');
INSERT INTO products
(cuid, created_at, updated_at, name, product_number, expected_lifetime, product_type_id, customer_id)
VALUES('TCWDtnjgcc7KK4Mfo', utc_timestamp(), utc_timestamp(), 'Tischw채sche', '08001', NULL, 'xikuhBua1BoXTZ3MX', 'cjn5te4to0001sbr9p7753lwp');
INSERT INTO products
(cuid, created_at, updated_at, name, product_number, expected_lifetime, product_type_id, customer_id)
VALUES('L5TekGzljFRpmnAuf', utc_timestamp(), utc_timestamp(), 'Berufsbekleidung', '08002', NULL, 'XcIksMtwIW3b0EIVR', 'cjn5te4to0001sbr9p7753lwp');
INSERT INTO products
(cuid, created_at, updated_at, name, product_number, expected_lifetime, product_type_id, customer_id)
VALUES('XTKrF6RtJhifREPp6', utc_timestamp(), utc_timestamp(), 'Bewohnerw채sche', '08003', NULL, '7POCXqDFnvxISD4MI', 'cjn5te4to0001sbr9p7753lwp');
INSERT INTO products
(cuid, created_at, updated_at, name, product_number, expected_lifetime, product_type_id, customer_id)
VALUES('x9K03x1a2s27FpdeS', utc_timestamp(), utc_timestamp(), 'Tragetasche', '08004', NULL, 'NLfzJQA3RbphCWnWg', 'cjn5te4to0001sbr9p7753lwp');
INSERT INTO products
(cuid, created_at, updated_at, name, product_number, expected_lifetime, product_type_id, customer_id)
VALUES('5jbSzvcXuHR8Dh5N6', utc_timestamp(), utc_timestamp(), 'Kissenbezug', '08005', NULL, 'aduogcnTu3MIys5BH', 'cjn5te4to0001sbr9p7753lwp');

SET FOREIGN_KEY_CHECKS=0;
SET @x = uuid_short();
SET @y = uuid_short();
INSERT INTO item_statuses (cuid, created_at, updated_at, item_status_type_id, customer_id, item_id) VALUES (@x, utc_timestamp(), utc_timestamp(), '100328756316471296', 'cjn5te4to0001sbr9p7753lwp', @y);
INSERT INTO items (cuid, created_at, updated_at, cycle_count, product_id, customer_id, last_status_id) VALUES(@y, utc_timestamp(), utc_timestamp(), 0,'TCWDtnjgcc7KK4Mfo', 'cjn5te4to0001sbr9p7753lwp', @x);
INSERT INTO r_f_i_d_tags (cuid, created_at, updated_at, epc, epc_type, identifiable_id, identifiable_type, customer_id) VALUES(uuid_short(), utc_timestamp(), utc_timestamp(), 'AAA00039', 'SGTIN', @y, 'Item', 'cjn5te4to0001sbr9p7753lwp');
SET @x = uuid_short();
SET @y = uuid_short();
INSERT INTO item_statuses (cuid, created_at, updated_at, item_status_type_id, customer_id, item_id) VALUES (@x, utc_timestamp(), utc_timestamp(), '100328756316471296', 'cjn5te4to0001sbr9p7753lwp', @y);
INSERT INTO items (cuid, created_at, updated_at, cycle_count, product_id, customer_id, last_status_id) VALUES(@y, utc_timestamp(), utc_timestamp(), 0,'TCWDtnjgcc7KK4Mfo', 'cjn5te4to0001sbr9p7753lwp', @x);
INSERT INTO r_f_i_d_tags (cuid, created_at, updated_at, epc, epc_type, identifiable_id, identifiable_type, customer_id) VALUES(uuid_short(), utc_timestamp(), utc_timestamp(), 'AAA00503', 'SGTIN', @y, 'Item', 'cjn5te4to0001sbr9p7753lwp');
SET @x = uuid_short();
SET @y = uuid_short();
INSERT INTO item_statuses (cuid, created_at, updated_at, item_status_type_id, customer_id, item_id) VALUES (@x, utc_timestamp(), utc_timestamp(), '100328756316471296', 'cjn5te4to0001sbr9p7753lwp', @y);
INSERT INTO items (cuid, created_at, updated_at, cycle_count, product_id, customer_id, last_status_id) VALUES(@y, utc_timestamp(), utc_timestamp(), 0,'TCWDtnjgcc7KK4Mfo', 'cjn5te4to0001sbr9p7753lwp', @x);
INSERT INTO r_f_i_d_tags (cuid, created_at, updated_at, epc, epc_type, identifiable_id, identifiable_type, customer_id) VALUES(uuid_short(), utc_timestamp(), utc_timestamp(), 'AAA00132', 'SGTIN', @y, 'Item', 'cjn5te4to0001sbr9p7753lwp');
SET @x = uuid_short();
SET @y = uuid_short();
INSERT INTO item_statuses (cuid, created_at, updated_at, item_status_type_id, customer_id, item_id) VALUES (@x, utc_timestamp(), utc_timestamp(), '100328756316471296', 'cjn5te4to0001sbr9p7753lwp', @y);
INSERT INTO items (cuid, created_at, updated_at, cycle_count, product_id, customer_id, last_status_id) VALUES(@y, utc_timestamp(), utc_timestamp(), 0,'TCWDtnjgcc7KK4Mfo', 'cjn5te4to0001sbr9p7753lwp', @x);
INSERT INTO r_f_i_d_tags (cuid, created_at, updated_at, epc, epc_type, identifiable_id, identifiable_type, customer_id) VALUES(uuid_short(), utc_timestamp(), utc_timestamp(), 'AAA00465', 'SGTIN', @y, 'Item', 'cjn5te4to0001sbr9p7753lwp');
SET @x = uuid_short();
SET @y = uuid_short();
INSERT INTO item_statuses (cuid, created_at, updated_at, item_status_type_id, customer_id, item_id) VALUES (@x, utc_timestamp(), utc_timestamp(), '100328756316471296', 'cjn5te4to0001sbr9p7753lwp', @y);
INSERT INTO items (cuid, created_at, updated_at, cycle_count, product_id, customer_id, last_status_id) VALUES(@y, utc_timestamp(), utc_timestamp(), 0,'TCWDtnjgcc7KK4Mfo', 'cjn5te4to0001sbr9p7753lwp', @x);
INSERT INTO r_f_i_d_tags (cuid, created_at, updated_at, epc, epc_type, identifiable_id, identifiable_type, customer_id) VALUES(uuid_short(), utc_timestamp(), utc_timestamp(), 'AAA00389', 'SGTIN', @y, 'Item', 'cjn5te4to0001sbr9p7753lwp');
SET @x = uuid_short();
SET @y = uuid_short();
INSERT INTO item_statuses (cuid, created_at, updated_at, item_status_type_id, customer_id, item_id) VALUES (@x, utc_timestamp(), utc_timestamp(), '100328756316471296', 'cjn5te4to0001sbr9p7753lwp', @y);
INSERT INTO items (cuid, created_at, updated_at, cycle_count, product_id, customer_id, last_status_id) VALUES(@y, utc_timestamp(), utc_timestamp(), 0,'TCWDtnjgcc7KK4Mfo', 'cjn5te4to0001sbr9p7753lwp', @x);
INSERT INTO r_f_i_d_tags (cuid, created_at, updated_at, epc, epc_type, identifiable_id, identifiable_type, customer_id) VALUES(uuid_short(), utc_timestamp(), utc_timestamp(), 'AAA00147', 'SGTIN', @y, 'Item', 'cjn5te4to0001sbr9p7753lwp');
SET @x = uuid_short();
SET @y = uuid_short();
INSERT INTO item_statuses (cuid, created_at, updated_at, item_status_type_id, customer_id, item_id) VALUES (@x, utc_timestamp(), utc_timestamp(), '100328756316471296', 'cjn5te4to0001sbr9p7753lwp', @y);
INSERT INTO items (cuid, created_at, updated_at, cycle_count, product_id, customer_id, last_status_id) VALUES(@y, utc_timestamp(), utc_timestamp(), 0,'TCWDtnjgcc7KK4Mfo', 'cjn5te4to0001sbr9p7753lwp', @x);
INSERT INTO r_f_i_d_tags (cuid, created_at, updated_at, epc, epc_type, identifiable_id, identifiable_type, customer_id) VALUES(uuid_short(), utc_timestamp(), utc_timestamp(), 'AAA00522', 'SGTIN', @y, 'Item', 'cjn5te4to0001sbr9p7753lwp');
SET @x = uuid_short();
SET @y = uuid_short();
INSERT INTO item_statuses (cuid, created_at, updated_at, item_status_type_id, customer_id, item_id) VALUES (@x, utc_timestamp(), utc_timestamp(), '100328756316471296', 'cjn5te4to0001sbr9p7753lwp', @y);
INSERT INTO items (cuid, created_at, updated_at, cycle_count, product_id, customer_id, last_status_id) VALUES(@y, utc_timestamp(), utc_timestamp(), 0,'TCWDtnjgcc7KK4Mfo', 'cjn5te4to0001sbr9p7753lwp', @x);
INSERT INTO r_f_i_d_tags (cuid, created_at, updated_at, epc, epc_type, identifiable_id, identifiable_type, customer_id) VALUES(uuid_short(), utc_timestamp(), utc_timestamp(), 'AAA00517', 'SGTIN', @y, 'Item', 'cjn5te4to0001sbr9p7753lwp');
SET @x = uuid_short();
SET @y = uuid_short();
INSERT INTO item_statuses (cuid, created_at, updated_at, item_status_type_id, customer_id, item_id) VALUES (@x, utc_timestamp(), utc_timestamp(), '100328756316471296', 'cjn5te4to0001sbr9p7753lwp', @y);
INSERT INTO items (cuid, created_at, updated_at, cycle_count, product_id, customer_id, last_status_id) VALUES(@y, utc_timestamp(), utc_timestamp(), 0,'TCWDtnjgcc7KK4Mfo', 'cjn5te4to0001sbr9p7753lwp', @x);
INSERT INTO r_f_i_d_tags (cuid, created_at, updated_at, epc, epc_type, identifiable_id, identifiable_type, customer_id) VALUES(uuid_short(), utc_timestamp(), utc_timestamp(), 'AAA00492', 'SGTIN', @y, 'Item', 'cjn5te4to0001sbr9p7753lwp');
SET @x = uuid_short();
SET @y = uuid_short();
INSERT INTO item_statuses (cuid, created_at, updated_at, item_status_type_id, customer_id, item_id) VALUES (@x, utc_timestamp(), utc_timestamp(), '100328756316471296', 'cjn5te4to0001sbr9p7753lwp', @y);
INSERT INTO items (cuid, created_at, updated_at, cycle_count, product_id, customer_id, last_status_id) VALUES(@y, utc_timestamp(), utc_timestamp(), 0,'TCWDtnjgcc7KK4Mfo', 'cjn5te4to0001sbr9p7753lwp', @x);
INSERT INTO r_f_i_d_tags (cuid, created_at, updated_at, epc, epc_type, identifiable_id, identifiable_type, customer_id) VALUES(uuid_short(), utc_timestamp(), utc_timestamp(), 'AAA00415', 'SGTIN', @y, 'Item', 'cjn5te4to0001sbr9p7753lwp');
SET @x = uuid_short();
SET @y = uuid_short();
INSERT INTO item_statuses (cuid, created_at, updated_at, item_status_type_id, customer_id, item_id) VALUES (@x, utc_timestamp(), utc_timestamp(), '100328756316471296', 'cjn5te4to0001sbr9p7753lwp', @y);
INSERT INTO items (cuid, created_at, updated_at, cycle_count, product_id, customer_id, last_status_id) VALUES(@y, utc_timestamp(), utc_timestamp(), 0,'TCWDtnjgcc7KK4Mfo', 'cjn5te4to0001sbr9p7753lwp', @x);
INSERT INTO r_f_i_d_tags (cuid, created_at, updated_at, epc, epc_type, identifiable_id, identifiable_type, customer_id) VALUES(uuid_short(), utc_timestamp(), utc_timestamp(), 'AAA00249', 'SGTIN', @y, 'Item', 'cjn5te4to0001sbr9p7753lwp');
SET @x = uuid_short();
SET @y = uuid_short();
INSERT INTO item_statuses (cuid, created_at, updated_at, item_status_type_id, customer_id, item_id) VALUES (@x, utc_timestamp(), utc_timestamp(), '100328756316471296', 'cjn5te4to0001sbr9p7753lwp', @y);
INSERT INTO items (cuid, created_at, updated_at, cycle_count, product_id, customer_id, last_status_id) VALUES(@y, utc_timestamp(), utc_timestamp(), 0,'TCWDtnjgcc7KK4Mfo', 'cjn5te4to0001sbr9p7753lwp', @x);
INSERT INTO r_f_i_d_tags (cuid, created_at, updated_at, epc, epc_type, identifiable_id, identifiable_type, customer_id) VALUES(uuid_short(), utc_timestamp(), utc_timestamp(), 'AAA00375', 'SGTIN', @y, 'Item', 'cjn5te4to0001sbr9p7753lwp');
SET @x = uuid_short();
SET @y = uuid_short();
INSERT INTO item_statuses (cuid, created_at, updated_at, item_status_type_id, customer_id, item_id) VALUES (@x, utc_timestamp(), utc_timestamp(), '100328756316471296', 'cjn5te4to0001sbr9p7753lwp', @y);
INSERT INTO items (cuid, created_at, updated_at, cycle_count, product_id, customer_id, last_status_id) VALUES(@y, utc_timestamp(), utc_timestamp(), 0,'TCWDtnjgcc7KK4Mfo', 'cjn5te4to0001sbr9p7753lwp', @x);
INSERT INTO r_f_i_d_tags (cuid, created_at, updated_at, epc, epc_type, identifiable_id, identifiable_type, customer_id) VALUES(uuid_short(), utc_timestamp(), utc_timestamp(), 'AAA00428', 'SGTIN', @y, 'Item', 'cjn5te4to0001sbr9p7753lwp');
SET @x = uuid_short();
SET @y = uuid_short();
INSERT INTO item_statuses (cuid, created_at, updated_at, item_status_type_id, customer_id, item_id) VALUES (@x, utc_timestamp(), utc_timestamp(), '100328756316471296', 'cjn5te4to0001sbr9p7753lwp', @y);
INSERT INTO items (cuid, created_at, updated_at, cycle_count, product_id, customer_id, last_status_id) VALUES(@y, utc_timestamp(), utc_timestamp(), 0,'TCWDtnjgcc7KK4Mfo', 'cjn5te4to0001sbr9p7753lwp', @x);
INSERT INTO r_f_i_d_tags (cuid, created_at, updated_at, epc, epc_type, identifiable_id, identifiable_type, customer_id) VALUES(uuid_short(), utc_timestamp(), utc_timestamp(), 'AAA00160', 'SGTIN', @y, 'Item', 'cjn5te4to0001sbr9p7753lwp');
SET @x = uuid_short();
SET @y = uuid_short();
INSERT INTO item_statuses (cuid, created_at, updated_at, item_status_type_id, customer_id, item_id) VALUES (@x, utc_timestamp(), utc_timestamp(), '100328756316471296', 'cjn5te4to0001sbr9p7753lwp', @y);
INSERT INTO items (cuid, created_at, updated_at, cycle_count, product_id, customer_id, last_status_id) VALUES(@y, utc_timestamp(), utc_timestamp(), 0,'TCWDtnjgcc7KK4Mfo', 'cjn5te4to0001sbr9p7753lwp', @x);
INSERT INTO r_f_i_d_tags (cuid, created_at, updated_at, epc, epc_type, identifiable_id, identifiable_type, customer_id) VALUES(uuid_short(), utc_timestamp(), utc_timestamp(), 'AAA00436', 'SGTIN', @y, 'Item', 'cjn5te4to0001sbr9p7753lwp');
SET @x = uuid_short();
SET @y = uuid_short();
INSERT INTO item_statuses (cuid, created_at, updated_at, item_status_type_id, customer_id, item_id) VALUES (@x, utc_timestamp(), utc_timestamp(), '100328756316471296', 'cjn5te4to0001sbr9p7753lwp', @y);
INSERT INTO items (cuid, created_at, updated_at, cycle_count, product_id, customer_id, last_status_id) VALUES(@y, utc_timestamp(), utc_timestamp(), 0,'TCWDtnjgcc7KK4Mfo', 'cjn5te4to0001sbr9p7753lwp', @x);
INSERT INTO r_f_i_d_tags (cuid, created_at, updated_at, epc, epc_type, identifiable_id, identifiable_type, customer_id) VALUES(uuid_short(), utc_timestamp(), utc_timestamp(), 'AAA00507', 'SGTIN', @y, 'Item', 'cjn5te4to0001sbr9p7753lwp');
SET @x = uuid_short();
SET @y = uuid_short();
INSERT INTO item_statuses (cuid, created_at, updated_at, item_status_type_id, customer_id, item_id) VALUES (@x, utc_timestamp(), utc_timestamp(), '100328756316471296', 'cjn5te4to0001sbr9p7753lwp', @y);
INSERT INTO items (cuid, created_at, updated_at, cycle_count, product_id, customer_id, last_status_id) VALUES(@y, utc_timestamp(), utc_timestamp(), 0,'TCWDtnjgcc7KK4Mfo', 'cjn5te4to0001sbr9p7753lwp', @x);
INSERT INTO r_f_i_d_tags (cuid, created_at, updated_at, epc, epc_type, identifiable_id, identifiable_type, customer_id) VALUES(uuid_short(), utc_timestamp(), utc_timestamp(), 'AAA00442', 'SGTIN', @y, 'Item', 'cjn5te4to0001sbr9p7753lwp');
SET @x = uuid_short();
SET @y = uuid_short();
INSERT INTO item_statuses (cuid, created_at, updated_at, item_status_type_id, customer_id, item_id) VALUES (@x, utc_timestamp(), utc_timestamp(), '100328756316471296', 'cjn5te4to0001sbr9p7753lwp', @y);
INSERT INTO items (cuid, created_at, updated_at, cycle_count, product_id, customer_id, last_status_id) VALUES(@y, utc_timestamp(), utc_timestamp(), 0,'TCWDtnjgcc7KK4Mfo', 'cjn5te4to0001sbr9p7753lwp', @x);
SET @x = uuid_short();
SET @y = uuid_short();
INSERT INTO item_statuses (cuid, created_at, updated_at, item_status_type_id, customer_id, item_id) VALUES (@x, utc_timestamp(), utc_timestamp(), '100328756316471296', 'cjn5te4to0001sbr9p7753lwp', @y);
INSERT INTO items (cuid, created_at, updated_at, cycle_count, product_id, customer_id, last_status_id) VALUES(@y, utc_timestamp(), utc_timestamp(), 0,'TCWDtnjgcc7KK4Mfo', 'cjn5te4to0001sbr9p7753lwp', @x);
INSERT INTO r_f_i_d_tags (cuid, created_at, updated_at, epc, epc_type, identifiable_id, identifiable_type, customer_id) VALUES(uuid_short(), utc_timestamp(), utc_timestamp(), 'AAA00445', 'SGTIN', @y, 'Item', 'cjn5te4to0001sbr9p7753lwp');
SET @x = uuid_short();
SET @y = uuid_short();
INSERT INTO item_statuses (cuid, created_at, updated_at, item_status_type_id, customer_id, item_id) VALUES (@x, utc_timestamp(), utc_timestamp(), '100328756316471296', 'cjn5te4to0001sbr9p7753lwp', @y);
INSERT INTO items (cuid, created_at, updated_at, cycle_count, product_id, customer_id, last_status_id) VALUES(@y, utc_timestamp(), utc_timestamp(), 0,'TCWDtnjgcc7KK4Mfo', 'cjn5te4to0001sbr9p7753lwp', @x);
INSERT INTO r_f_i_d_tags (cuid, created_at, updated_at, epc, epc_type, identifiable_id, identifiable_type, customer_id) VALUES(uuid_short(), utc_timestamp(), utc_timestamp(), 'AAA00448', 'SGTIN', @y, 'Item', 'cjn5te4to0001sbr9p7753lwp');
SET @x = uuid_short();
SET @y = uuid_short();
INSERT INTO item_statuses (cuid, created_at, updated_at, item_status_type_id, customer_id, item_id) VALUES (@x, utc_timestamp(), utc_timestamp(), '100328756316471296', 'cjn5te4to0001sbr9p7753lwp', @y);
INSERT INTO items (cuid, created_at, updated_at, cycle_count, product_id, customer_id, last_status_id) VALUES(@y, utc_timestamp(), utc_timestamp(), 0,'TCWDtnjgcc7KK4Mfo', 'cjn5te4to0001sbr9p7753lwp', @x);
INSERT INTO r_f_i_d_tags (cuid, created_at, updated_at, epc, epc_type, identifiable_id, identifiable_type, customer_id) VALUES(uuid_short(), utc_timestamp(), utc_timestamp(), 'AAA00502', 'SGTIN', @y, 'Item', 'cjn5te4to0001sbr9p7753lwp');
SET @x = uuid_short();
SET @y = uuid_short();
INSERT INTO item_statuses (cuid, created_at, updated_at, item_status_type_id, customer_id, item_id) VALUES (@x, utc_timestamp(), utc_timestamp(), '100328756316471296', 'cjn5te4to0001sbr9p7753lwp', @y);
INSERT INTO items (cuid, created_at, updated_at, cycle_count, product_id, customer_id, last_status_id) VALUES(@y, utc_timestamp(), utc_timestamp(), 0,'TCWDtnjgcc7KK4Mfo', 'cjn5te4to0001sbr9p7753lwp', @x);
INSERT INTO r_f_i_d_tags (cuid, created_at, updated_at, epc, epc_type, identifiable_id, identifiable_type, customer_id) VALUES(uuid_short(), utc_timestamp(), utc_timestamp(), 'AAA00386', 'SGTIN', @y, 'Item', 'cjn5te4to0001sbr9p7753lwp');
SET @x = uuid_short();
SET @y = uuid_short();
INSERT INTO item_statuses (cuid, created_at, updated_at, item_status_type_id, customer_id, item_id) VALUES (@x, utc_timestamp(), utc_timestamp(), '100328756316471296', 'cjn5te4to0001sbr9p7753lwp', @y);
INSERT INTO items (cuid, created_at, updated_at, cycle_count, product_id, customer_id, last_status_id) VALUES(@y, utc_timestamp(), utc_timestamp(), 0,'TCWDtnjgcc7KK4Mfo', 'cjn5te4to0001sbr9p7753lwp', @x);
INSERT INTO r_f_i_d_tags (cuid, created_at, updated_at, epc, epc_type, identifiable_id, identifiable_type, customer_id) VALUES(uuid_short(), utc_timestamp(), utc_timestamp(), 'AAA00208', 'SGTIN', @y, 'Item', 'cjn5te4to0001sbr9p7753lwp');
SET @x = uuid_short();
SET @y = uuid_short();
INSERT INTO item_statuses (cuid, created_at, updated_at, item_status_type_id, customer_id, item_id) VALUES (@x, utc_timestamp(), utc_timestamp(), '100328756316471296', 'cjn5te4to0001sbr9p7753lwp', @y);
INSERT INTO items (cuid, created_at, updated_at, cycle_count, product_id, customer_id, last_status_id) VALUES(@y, utc_timestamp(), utc_timestamp(), 0,'TCWDtnjgcc7KK4Mfo', 'cjn5te4to0001sbr9p7753lwp', @x);
INSERT INTO r_f_i_d_tags (cuid, created_at, updated_at, epc, epc_type, identifiable_id, identifiable_type, customer_id) VALUES(uuid_short(), utc_timestamp(), utc_timestamp(), 'AAA00429', 'SGTIN', @y, 'Item', 'cjn5te4to0001sbr9p7753lwp');
SET @x = uuid_short();
SET @y = uuid_short();
INSERT INTO item_statuses (cuid, created_at, updated_at, item_status_type_id, customer_id, item_id) VALUES (@x, utc_timestamp(), utc_timestamp(), '100328756316471296', 'cjn5te4to0001sbr9p7753lwp', @y);
INSERT INTO items (cuid, created_at, updated_at, cycle_count, product_id, customer_id, last_status_id) VALUES(@y, utc_timestamp(), utc_timestamp(), 0,'TCWDtnjgcc7KK4Mfo', 'cjn5te4to0001sbr9p7753lwp', @x);
INSERT INTO r_f_i_d_tags (cuid, created_at, updated_at, epc, epc_type, identifiable_id, identifiable_type, customer_id) VALUES(uuid_short(), utc_timestamp(), utc_timestamp(), 'AAA00400', 'SGTIN', @y, 'Item', 'cjn5te4to0001sbr9p7753lwp');
SET @x = uuid_short();
SET @y = uuid_short();
INSERT INTO item_statuses (cuid, created_at, updated_at, item_status_type_id, customer_id, item_id) VALUES (@x, utc_timestamp(), utc_timestamp(), '100328756316471296', 'cjn5te4to0001sbr9p7753lwp', @y);
INSERT INTO items (cuid, created_at, updated_at, cycle_count, product_id, customer_id, last_status_id) VALUES(@y, utc_timestamp(), utc_timestamp(), 0,'TCWDtnjgcc7KK4Mfo', 'cjn5te4to0001sbr9p7753lwp', @x);
INSERT INTO r_f_i_d_tags (cuid, created_at, updated_at, epc, epc_type, identifiable_id, identifiable_type, customer_id) VALUES(uuid_short(), utc_timestamp(), utc_timestamp(), 'AAA00111', 'SGTIN', @y, 'Item', 'cjn5te4to0001sbr9p7753lwp');
SET @x = uuid_short();
SET @y = uuid_short();
INSERT INTO item_statuses (cuid, created_at, updated_at, item_status_type_id, customer_id, item_id) VALUES (@x, utc_timestamp(), utc_timestamp(), '100328756316471296', 'cjn5te4to0001sbr9p7753lwp', @y);
INSERT INTO items (cuid, created_at, updated_at, cycle_count, product_id, customer_id, last_status_id) VALUES(@y, utc_timestamp(), utc_timestamp(), 0,'TCWDtnjgcc7KK4Mfo', 'cjn5te4to0001sbr9p7753lwp', @x);
INSERT INTO r_f_i_d_tags (cuid, created_at, updated_at, epc, epc_type, identifiable_id, identifiable_type, customer_id) VALUES(uuid_short(), utc_timestamp(), utc_timestamp(), 'AAA00315', 'SGTIN', @y, 'Item', 'cjn5te4to0001sbr9p7753lwp');
SET @x = uuid_short();
SET @y = uuid_short();
INSERT INTO item_statuses (cuid, created_at, updated_at, item_status_type_id, customer_id, item_id) VALUES (@x, utc_timestamp(), utc_timestamp(), '100328756316471296', 'cjn5te4to0001sbr9p7753lwp', @y);
INSERT INTO items (cuid, created_at, updated_at, cycle_count, product_id, customer_id, last_status_id) VALUES(@y, utc_timestamp(), utc_timestamp(), 0,'TCWDtnjgcc7KK4Mfo', 'cjn5te4to0001sbr9p7753lwp', @x);
INSERT INTO r_f_i_d_tags (cuid, created_at, updated_at, epc, epc_type, identifiable_id, identifiable_type, customer_id) VALUES(uuid_short(), utc_timestamp(), utc_timestamp(), 'AAA00347', 'SGTIN', @y, 'Item', 'cjn5te4to0001sbr9p7753lwp');
SET @x = uuid_short();
SET @y = uuid_short();
INSERT INTO item_statuses (cuid, created_at, updated_at, item_status_type_id, customer_id, item_id) VALUES (@x, utc_timestamp(), utc_timestamp(), '100328756316471296', 'cjn5te4to0001sbr9p7753lwp', @y);
INSERT INTO items (cuid, created_at, updated_at, cycle_count, product_id, customer_id, last_status_id) VALUES(@y, utc_timestamp(), utc_timestamp(), 0,'TCWDtnjgcc7KK4Mfo', 'cjn5te4to0001sbr9p7753lwp', @x);
INSERT INTO r_f_i_d_tags (cuid, created_at, updated_at, epc, epc_type, identifiable_id, identifiable_type, customer_id) VALUES(uuid_short(), utc_timestamp(), utc_timestamp(), 'AAA00239', 'SGTIN', @y, 'Item', 'cjn5te4to0001sbr9p7753lwp');
SET @x = uuid_short();
SET @y = uuid_short();
INSERT INTO item_statuses (cuid, created_at, updated_at, item_status_type_id, customer_id, item_id) VALUES (@x, utc_timestamp(), utc_timestamp(), '100328756316471296', 'cjn5te4to0001sbr9p7753lwp', @y);
INSERT INTO items (cuid, created_at, updated_at, cycle_count, product_id, customer_id, last_status_id) VALUES(@y, utc_timestamp(), utc_timestamp(), 0,'TCWDtnjgcc7KK4Mfo', 'cjn5te4to0001sbr9p7753lwp', @x);
INSERT INTO r_f_i_d_tags (cuid, created_at, updated_at, epc, epc_type, identifiable_id, identifiable_type, customer_id) VALUES(uuid_short(), utc_timestamp(), utc_timestamp(), 'AAA00377', 'SGTIN', @y, 'Item', 'cjn5te4to0001sbr9p7753lwp');
SET @x = uuid_short();
SET @y = uuid_short();
INSERT INTO item_statuses (cuid, created_at, updated_at, item_status_type_id, customer_id, item_id) VALUES (@x, utc_timestamp(), utc_timestamp(), '100328756316471296', 'cjn5te4to0001sbr9p7753lwp', @y);
INSERT INTO items (cuid, created_at, updated_at, cycle_count, product_id, customer_id, last_status_id) VALUES(@y, utc_timestamp(), utc_timestamp(), 0,'TCWDtnjgcc7KK4Mfo', 'cjn5te4to0001sbr9p7753lwp', @x);
INSERT INTO r_f_i_d_tags (cuid, created_at, updated_at, epc, epc_type, identifiable_id, identifiable_type, customer_id) VALUES(uuid_short(), utc_timestamp(), utc_timestamp(), 'AAA00401', 'SGTIN', @y, 'Item', 'cjn5te4to0001sbr9p7753lwp');
SET @x = uuid_short();
SET @y = uuid_short();
INSERT INTO item_statuses (cuid, created_at, updated_at, item_status_type_id, customer_id, item_id) VALUES (@x, utc_timestamp(), utc_timestamp(), '100328756316471296', 'cjn5te4to0001sbr9p7753lwp', @y);
INSERT INTO items (cuid, created_at, updated_at, cycle_count, product_id, customer_id, last_status_id) VALUES(@y, utc_timestamp(), utc_timestamp(), 0,'TCWDtnjgcc7KK4Mfo', 'cjn5te4to0001sbr9p7753lwp', @x);
INSERT INTO r_f_i_d_tags (cuid, created_at, updated_at, epc, epc_type, identifiable_id, identifiable_type, customer_id) VALUES(uuid_short(), utc_timestamp(), utc_timestamp(), 'AAA00396', 'SGTIN', @y, 'Item', 'cjn5te4to0001sbr9p7753lwp');
SET @x = uuid_short();
SET @y = uuid_short();
INSERT INTO item_statuses (cuid, created_at, updated_at, item_status_type_id, customer_id, item_id) VALUES (@x, utc_timestamp(), utc_timestamp(), '100328756316471296', 'cjn5te4to0001sbr9p7753lwp', @y);
INSERT INTO items (cuid, created_at, updated_at, cycle_count, product_id, customer_id, last_status_id) VALUES(@y, utc_timestamp(), utc_timestamp(), 0,'TCWDtnjgcc7KK4Mfo', 'cjn5te4to0001sbr9p7753lwp', @x);
INSERT INTO r_f_i_d_tags (cuid, created_at, updated_at, epc, epc_type, identifiable_id, identifiable_type, customer_id) VALUES(uuid_short(), utc_timestamp(), utc_timestamp(), 'AAA00417', 'SGTIN', @y, 'Item', 'cjn5te4to0001sbr9p7753lwp');
SET @x = uuid_short();
SET @y = uuid_short();
INSERT INTO item_statuses (cuid, created_at, updated_at, item_status_type_id, customer_id, item_id) VALUES (@x, utc_timestamp(), utc_timestamp(), '100328756316471296', 'cjn5te4to0001sbr9p7753lwp', @y);
INSERT INTO items (cuid, created_at, updated_at, cycle_count, product_id, customer_id, last_status_id) VALUES(@y, utc_timestamp(), utc_timestamp(), 0,'TCWDtnjgcc7KK4Mfo', 'cjn5te4to0001sbr9p7753lwp', @x);
INSERT INTO r_f_i_d_tags (cuid, created_at, updated_at, epc, epc_type, identifiable_id, identifiable_type, customer_id) VALUES(uuid_short(), utc_timestamp(), utc_timestamp(), 'AAA00405', 'SGTIN', @y, 'Item', 'cjn5te4to0001sbr9p7753lwp');
SET @x = uuid_short();
SET @y = uuid_short();
INSERT INTO item_statuses (cuid, created_at, updated_at, item_status_type_id, customer_id, item_id) VALUES (@x, utc_timestamp(), utc_timestamp(), '100328756316471296', 'cjn5te4to0001sbr9p7753lwp', @y);
INSERT INTO items (cuid, created_at, updated_at, cycle_count, product_id, customer_id, last_status_id) VALUES(@y, utc_timestamp(), utc_timestamp(), 0,'TCWDtnjgcc7KK4Mfo', 'cjn5te4to0001sbr9p7753lwp', @x);
INSERT INTO r_f_i_d_tags (cuid, created_at, updated_at, epc, epc_type, identifiable_id, identifiable_type, customer_id) VALUES(uuid_short(), utc_timestamp(), utc_timestamp(), 'AAA00409', 'SGTIN', @y, 'Item', 'cjn5te4to0001sbr9p7753lwp');
SET @x = uuid_short();
SET @y = uuid_short();
INSERT INTO item_statuses (cuid, created_at, updated_at, item_status_type_id, customer_id, item_id) VALUES (@x, utc_timestamp(), utc_timestamp(), '100328756316471296', 'cjn5te4to0001sbr9p7753lwp', @y);
INSERT INTO items (cuid, created_at, updated_at, cycle_count, product_id, customer_id, last_status_id) VALUES(@y, utc_timestamp(), utc_timestamp(), 0,'TCWDtnjgcc7KK4Mfo', 'cjn5te4to0001sbr9p7753lwp', @x);
INSERT INTO r_f_i_d_tags (cuid, created_at, updated_at, epc, epc_type, identifiable_id, identifiable_type, customer_id) VALUES(uuid_short(), utc_timestamp(), utc_timestamp(), 'AAA00418', 'SGTIN', @y, 'Item', 'cjn5te4to0001sbr9p7753lwp');
SET @x = uuid_short();
SET @y = uuid_short();
INSERT INTO item_statuses (cuid, created_at, updated_at, item_status_type_id, customer_id, item_id) VALUES (@x, utc_timestamp(), utc_timestamp(), '100328756316471296', 'cjn5te4to0001sbr9p7753lwp', @y);
INSERT INTO items (cuid, created_at, updated_at, cycle_count, product_id, customer_id, last_status_id) VALUES(@y, utc_timestamp(), utc_timestamp(), 0,'TCWDtnjgcc7KK4Mfo', 'cjn5te4to0001sbr9p7753lwp', @x);
INSERT INTO r_f_i_d_tags (cuid, created_at, updated_at, epc, epc_type, identifiable_id, identifiable_type, customer_id) VALUES(uuid_short(), utc_timestamp(), utc_timestamp(), 'AAA00414', 'SGTIN', @y, 'Item', 'cjn5te4to0001sbr9p7753lwp');
SET @x = uuid_short();
SET @y = uuid_short();
INSERT INTO item_statuses (cuid, created_at, updated_at, item_status_type_id, customer_id, item_id) VALUES (@x, utc_timestamp(), utc_timestamp(), '100328756316471296', 'cjn5te4to0001sbr9p7753lwp', @y);
INSERT INTO items (cuid, created_at, updated_at, cycle_count, product_id, customer_id, last_status_id) VALUES(@y, utc_timestamp(), utc_timestamp(), 0,'TCWDtnjgcc7KK4Mfo', 'cjn5te4to0001sbr9p7753lwp', @x);
INSERT INTO r_f_i_d_tags (cuid, created_at, updated_at, epc, epc_type, identifiable_id, identifiable_type, customer_id) VALUES(uuid_short(), utc_timestamp(), utc_timestamp(), 'AAA00447', 'SGTIN', @y, 'Item', 'cjn5te4to0001sbr9p7753lwp');
SET @x = uuid_short();
SET @y = uuid_short();
INSERT INTO item_statuses (cuid, created_at, updated_at, item_status_type_id, customer_id, item_id) VALUES (@x, utc_timestamp(), utc_timestamp(), '100328756316471296', 'cjn5te4to0001sbr9p7753lwp', @y);
INSERT INTO items (cuid, created_at, updated_at, cycle_count, product_id, customer_id, last_status_id) VALUES(@y, utc_timestamp(), utc_timestamp(), 0,'TCWDtnjgcc7KK4Mfo', 'cjn5te4to0001sbr9p7753lwp', @x);
INSERT INTO r_f_i_d_tags (cuid, created_at, updated_at, epc, epc_type, identifiable_id, identifiable_type, customer_id) VALUES(uuid_short(), utc_timestamp(), utc_timestamp(), 'AAA00438', 'SGTIN', @y, 'Item', 'cjn5te4to0001sbr9p7753lwp');
SET @x = uuid_short();
SET @y = uuid_short();
INSERT INTO item_statuses (cuid, created_at, updated_at, item_status_type_id, customer_id, item_id) VALUES (@x, utc_timestamp(), utc_timestamp(), '100328756316471296', 'cjn5te4to0001sbr9p7753lwp', @y);
INSERT INTO items (cuid, created_at, updated_at, cycle_count, product_id, customer_id, last_status_id) VALUES(@y, utc_timestamp(), utc_timestamp(), 0,'TCWDtnjgcc7KK4Mfo', 'cjn5te4to0001sbr9p7753lwp', @x);
INSERT INTO r_f_i_d_tags (cuid, created_at, updated_at, epc, epc_type, identifiable_id, identifiable_type, customer_id) VALUES(uuid_short(), utc_timestamp(), utc_timestamp(), 'AAA00354', 'SGTIN', @y, 'Item', 'cjn5te4to0001sbr9p7753lwp');
SET @x = uuid_short();
SET @y = uuid_short();
INSERT INTO item_statuses (cuid, created_at, updated_at, item_status_type_id, customer_id, item_id) VALUES (@x, utc_timestamp(), utc_timestamp(), '100328756316471296', 'cjn5te4to0001sbr9p7753lwp', @y);
INSERT INTO items (cuid, created_at, updated_at, cycle_count, product_id, customer_id, last_status_id) VALUES(@y, utc_timestamp(), utc_timestamp(), 0,'TCWDtnjgcc7KK4Mfo', 'cjn5te4to0001sbr9p7753lwp', @x);
INSERT INTO r_f_i_d_tags (cuid, created_at, updated_at, epc, epc_type, identifiable_id, identifiable_type, customer_id) VALUES(uuid_short(), utc_timestamp(), utc_timestamp(), 'AAA00430', 'SGTIN', @y, 'Item', 'cjn5te4to0001sbr9p7753lwp');
SET @x = uuid_short();
SET @y = uuid_short();
INSERT INTO item_statuses (cuid, created_at, updated_at, item_status_type_id, customer_id, item_id) VALUES (@x, utc_timestamp(), utc_timestamp(), '100328756316471296', 'cjn5te4to0001sbr9p7753lwp', @y);
INSERT INTO items (cuid, created_at, updated_at, cycle_count, product_id, customer_id, last_status_id) VALUES(@y, utc_timestamp(), utc_timestamp(), 0,'TCWDtnjgcc7KK4Mfo', 'cjn5te4to0001sbr9p7753lwp', @x);
INSERT INTO r_f_i_d_tags (cuid, created_at, updated_at, epc, epc_type, identifiable_id, identifiable_type, customer_id) VALUES(uuid_short(), utc_timestamp(), utc_timestamp(), 'AAA00222', 'SGTIN', @y, 'Item', 'cjn5te4to0001sbr9p7753lwp');
SET @x = uuid_short();
SET @y = uuid_short();
INSERT INTO item_statuses (cuid, created_at, updated_at, item_status_type_id, customer_id, item_id) VALUES (@x, utc_timestamp(), utc_timestamp(), '100328756316471296', 'cjn5te4to0001sbr9p7753lwp', @y);
INSERT INTO items (cuid, created_at, updated_at, cycle_count, product_id, customer_id, last_status_id) VALUES(@y, utc_timestamp(), utc_timestamp(), 0,'TCWDtnjgcc7KK4Mfo', 'cjn5te4to0001sbr9p7753lwp', @x);
INSERT INTO r_f_i_d_tags (cuid, created_at, updated_at, epc, epc_type, identifiable_id, identifiable_type, customer_id) VALUES(uuid_short(), utc_timestamp(), utc_timestamp(), 'AAA00032', 'SGTIN', @y, 'Item', 'cjn5te4to0001sbr9p7753lwp');
SET @x = uuid_short();
SET @y = uuid_short();
INSERT INTO item_statuses (cuid, created_at, updated_at, item_status_type_id, customer_id, item_id) VALUES (@x, utc_timestamp(), utc_timestamp(), '100328756316471296', 'cjn5te4to0001sbr9p7753lwp', @y);
INSERT INTO items (cuid, created_at, updated_at, cycle_count, product_id, customer_id, last_status_id) VALUES(@y, utc_timestamp(), utc_timestamp(), 0,'TCWDtnjgcc7KK4Mfo', 'cjn5te4to0001sbr9p7753lwp', @x);
INSERT INTO r_f_i_d_tags (cuid, created_at, updated_at, epc, epc_type, identifiable_id, identifiable_type, customer_id) VALUES(uuid_short(), utc_timestamp(), utc_timestamp(), 'AAA00374', 'SGTIN', @y, 'Item', 'cjn5te4to0001sbr9p7753lwp');
SET @x = uuid_short();
SET @y = uuid_short();
INSERT INTO item_statuses (cuid, created_at, updated_at, item_status_type_id, customer_id, item_id) VALUES (@x, utc_timestamp(), utc_timestamp(), '100328756316471296', 'cjn5te4to0001sbr9p7753lwp', @y);
INSERT INTO items (cuid, created_at, updated_at, cycle_count, product_id, customer_id, last_status_id) VALUES(@y, utc_timestamp(), utc_timestamp(), 0,'TCWDtnjgcc7KK4Mfo', 'cjn5te4to0001sbr9p7753lwp', @x);
INSERT INTO r_f_i_d_tags (cuid, created_at, updated_at, epc, epc_type, identifiable_id, identifiable_type, customer_id) VALUES(uuid_short(), utc_timestamp(), utc_timestamp(), 'AAA00320', 'SGTIN', @y, 'Item', 'cjn5te4to0001sbr9p7753lwp');
SET @x = uuid_short();
SET @y = uuid_short();
INSERT INTO item_statuses (cuid, created_at, updated_at, item_status_type_id, customer_id, item_id) VALUES (@x, utc_timestamp(), utc_timestamp(), '100328756316471296', 'cjn5te4to0001sbr9p7753lwp', @y);
INSERT INTO items (cuid, created_at, updated_at, cycle_count, product_id, customer_id, last_status_id) VALUES(@y, utc_timestamp(), utc_timestamp(), 0,'TCWDtnjgcc7KK4Mfo', 'cjn5te4to0001sbr9p7753lwp', @x);
INSERT INTO r_f_i_d_tags (cuid, created_at, updated_at, epc, epc_type, identifiable_id, identifiable_type, customer_id) VALUES(uuid_short(), utc_timestamp(), utc_timestamp(), 'AAA00371', 'SGTIN', @y, 'Item', 'cjn5te4to0001sbr9p7753lwp');
SET @x = uuid_short();
SET @y = uuid_short();
INSERT INTO item_statuses (cuid, created_at, updated_at, item_status_type_id, customer_id, item_id) VALUES (@x, utc_timestamp(), utc_timestamp(), '100328756316471296', 'cjn5te4to0001sbr9p7753lwp', @y);
INSERT INTO items (cuid, created_at, updated_at, cycle_count, product_id, customer_id, last_status_id) VALUES(@y, utc_timestamp(), utc_timestamp(), 0,'TCWDtnjgcc7KK4Mfo', 'cjn5te4to0001sbr9p7753lwp', @x);
INSERT INTO r_f_i_d_tags (cuid, created_at, updated_at, epc, epc_type, identifiable_id, identifiable_type, customer_id) VALUES(uuid_short(), utc_timestamp(), utc_timestamp(), 'AAA00427', 'SGTIN', @y, 'Item', 'cjn5te4to0001sbr9p7753lwp');
SET @x = uuid_short();
SET @y = uuid_short();
INSERT INTO item_statuses (cuid, created_at, updated_at, item_status_type_id, customer_id, item_id) VALUES (@x, utc_timestamp(), utc_timestamp(), '100328756316471296', 'cjn5te4to0001sbr9p7753lwp', @y);
INSERT INTO items (cuid, created_at, updated_at, cycle_count, product_id, customer_id, last_status_id) VALUES(@y, utc_timestamp(), utc_timestamp(), 0,'TCWDtnjgcc7KK4Mfo', 'cjn5te4to0001sbr9p7753lwp', @x);
INSERT INTO r_f_i_d_tags (cuid, created_at, updated_at, epc, epc_type, identifiable_id, identifiable_type, customer_id) VALUES(uuid_short(), utc_timestamp(), utc_timestamp(), 'AAA00136', 'SGTIN', @y, 'Item', 'cjn5te4to0001sbr9p7753lwp');
SET @x = uuid_short();
SET @y = uuid_short();
INSERT INTO item_statuses (cuid, created_at, updated_at, item_status_type_id, customer_id, item_id) VALUES (@x, utc_timestamp(), utc_timestamp(), '100328756316471296', 'cjn5te4to0001sbr9p7753lwp', @y);
INSERT INTO items (cuid, created_at, updated_at, cycle_count, product_id, customer_id, last_status_id) VALUES(@y, utc_timestamp(), utc_timestamp(), 0,'TCWDtnjgcc7KK4Mfo', 'cjn5te4to0001sbr9p7753lwp', @x);
INSERT INTO r_f_i_d_tags (cuid, created_at, updated_at, epc, epc_type, identifiable_id, identifiable_type, customer_id) VALUES(uuid_short(), utc_timestamp(), utc_timestamp(), 'AAA00382', 'SGTIN', @y, 'Item', 'cjn5te4to0001sbr9p7753lwp');
SET @x = uuid_short();
SET @y = uuid_short();
INSERT INTO item_statuses (cuid, created_at, updated_at, item_status_type_id, customer_id, item_id) VALUES (@x, utc_timestamp(), utc_timestamp(), '100328756316471296', 'cjn5te4to0001sbr9p7753lwp', @y);
INSERT INTO items (cuid, created_at, updated_at, cycle_count, product_id, customer_id, last_status_id) VALUES(@y, utc_timestamp(), utc_timestamp(), 0,'TCWDtnjgcc7KK4Mfo', 'cjn5te4to0001sbr9p7753lwp', @x);
INSERT INTO r_f_i_d_tags (cuid, created_at, updated_at, epc, epc_type, identifiable_id, identifiable_type, customer_id) VALUES(uuid_short(), utc_timestamp(), utc_timestamp(), 'AAA00416', 'SGTIN', @y, 'Item', 'cjn5te4to0001sbr9p7753lwp');
SET @x = uuid_short();
SET @y = uuid_short();
INSERT INTO item_statuses (cuid, created_at, updated_at, item_status_type_id, customer_id, item_id) VALUES (@x, utc_timestamp(), utc_timestamp(), '100328756316471296', 'cjn5te4to0001sbr9p7753lwp', @y);
INSERT INTO items (cuid, created_at, updated_at, cycle_count, product_id, customer_id, last_status_id) VALUES(@y, utc_timestamp(), utc_timestamp(), 0,'TCWDtnjgcc7KK4Mfo', 'cjn5te4to0001sbr9p7753lwp', @x);
INSERT INTO r_f_i_d_tags (cuid, created_at, updated_at, epc, epc_type, identifiable_id, identifiable_type, customer_id) VALUES(uuid_short(), utc_timestamp(), utc_timestamp(), 'AAA00287', 'SGTIN', @y, 'Item', 'cjn5te4to0001sbr9p7753lwp');
SET @x = uuid_short();
SET @y = uuid_short();
INSERT INTO item_statuses (cuid, created_at, updated_at, item_status_type_id, customer_id, item_id) VALUES (@x, utc_timestamp(), utc_timestamp(), '100328756316471296', 'cjn5te4to0001sbr9p7753lwp', @y);
INSERT INTO items (cuid, created_at, updated_at, cycle_count, product_id, customer_id, last_status_id) VALUES(@y, utc_timestamp(), utc_timestamp(), 0,'TCWDtnjgcc7KK4Mfo', 'cjn5te4to0001sbr9p7753lwp', @x);
INSERT INTO r_f_i_d_tags (cuid, created_at, updated_at, epc, epc_type, identifiable_id, identifiable_type, customer_id) VALUES(uuid_short(), utc_timestamp(), utc_timestamp(), 'AAA00202', 'SGTIN', @y, 'Item', 'cjn5te4to0001sbr9p7753lwp');
SET @x = uuid_short();
SET @y = uuid_short();
INSERT INTO item_statuses (cuid, created_at, updated_at, item_status_type_id, customer_id, item_id) VALUES (@x, utc_timestamp(), utc_timestamp(), '100328756316471296', 'cjn5te4to0001sbr9p7753lwp', @y);
INSERT INTO items (cuid, created_at, updated_at, cycle_count, product_id, customer_id, last_status_id) VALUES(@y, utc_timestamp(), utc_timestamp(), 0,'TCWDtnjgcc7KK4Mfo', 'cjn5te4to0001sbr9p7753lwp', @x);
INSERT INTO r_f_i_d_tags (cuid, created_at, updated_at, epc, epc_type, identifiable_id, identifiable_type, customer_id) VALUES(uuid_short(), utc_timestamp(), utc_timestamp(), 'AAA00242', 'SGTIN', @y, 'Item', 'cjn5te4to0001sbr9p7753lwp');
SET @x = uuid_short();
SET @y = uuid_short();
INSERT INTO item_statuses (cuid, created_at, updated_at, item_status_type_id, customer_id, item_id) VALUES (@x, utc_timestamp(), utc_timestamp(), '100328756316471296', 'cjn5te4to0001sbr9p7753lwp', @y);
INSERT INTO items (cuid, created_at, updated_at, cycle_count, product_id, customer_id, last_status_id) VALUES(@y, utc_timestamp(), utc_timestamp(), 0,'TCWDtnjgcc7KK4Mfo', 'cjn5te4to0001sbr9p7753lwp', @x);
INSERT INTO r_f_i_d_tags (cuid, created_at, updated_at, epc, epc_type, identifiable_id, identifiable_type, customer_id) VALUES(uuid_short(), utc_timestamp(), utc_timestamp(), 'AAA00046', 'SGTIN', @y, 'Item', 'cjn5te4to0001sbr9p7753lwp');
SET @x = uuid_short();
SET @y = uuid_short();
INSERT INTO item_statuses (cuid, created_at, updated_at, item_status_type_id, customer_id, item_id) VALUES (@x, utc_timestamp(), utc_timestamp(), '100328756316471296', 'cjn5te4to0001sbr9p7753lwp', @y);
INSERT INTO items (cuid, created_at, updated_at, cycle_count, product_id, customer_id, last_status_id) VALUES(@y, utc_timestamp(), utc_timestamp(), 0,'TCWDtnjgcc7KK4Mfo', 'cjn5te4to0001sbr9p7753lwp', @x);
INSERT INTO r_f_i_d_tags (cuid, created_at, updated_at, epc, epc_type, identifiable_id, identifiable_type, customer_id) VALUES(uuid_short(), utc_timestamp(), utc_timestamp(), 'AAA00367', 'SGTIN', @y, 'Item', 'cjn5te4to0001sbr9p7753lwp');
SET @x = uuid_short();
SET @y = uuid_short();
INSERT INTO item_statuses (cuid, created_at, updated_at, item_status_type_id, customer_id, item_id) VALUES (@x, utc_timestamp(), utc_timestamp(), '100328756316471296', 'cjn5te4to0001sbr9p7753lwp', @y);
INSERT INTO items (cuid, created_at, updated_at, cycle_count, product_id, customer_id, last_status_id) VALUES(@y, utc_timestamp(), utc_timestamp(), 0,'TCWDtnjgcc7KK4Mfo', 'cjn5te4to0001sbr9p7753lwp', @x);
INSERT INTO r_f_i_d_tags (cuid, created_at, updated_at, epc, epc_type, identifiable_id, identifiable_type, customer_id) VALUES(uuid_short(), utc_timestamp(), utc_timestamp(), 'AAA00353', 'SGTIN', @y, 'Item', 'cjn5te4to0001sbr9p7753lwp');
SET @x = uuid_short();
SET @y = uuid_short();
INSERT INTO item_statuses (cuid, created_at, updated_at, item_status_type_id, customer_id, item_id) VALUES (@x, utc_timestamp(), utc_timestamp(), '100328756316471296', 'cjn5te4to0001sbr9p7753lwp', @y);
INSERT INTO items (cuid, created_at, updated_at, cycle_count, product_id, customer_id, last_status_id) VALUES(@y, utc_timestamp(), utc_timestamp(), 0,'TCWDtnjgcc7KK4Mfo', 'cjn5te4to0001sbr9p7753lwp', @x);
INSERT INTO r_f_i_d_tags (cuid, created_at, updated_at, epc, epc_type, identifiable_id, identifiable_type, customer_id) VALUES(uuid_short(), utc_timestamp(), utc_timestamp(), 'AAA00439', 'SGTIN', @y, 'Item', 'cjn5te4to0001sbr9p7753lwp');
SET @x = uuid_short();
SET @y = uuid_short();
INSERT INTO item_statuses (cuid, created_at, updated_at, item_status_type_id, customer_id, item_id) VALUES (@x, utc_timestamp(), utc_timestamp(), '100328756316471296', 'cjn5te4to0001sbr9p7753lwp', @y);
INSERT INTO items (cuid, created_at, updated_at, cycle_count, product_id, customer_id, last_status_id) VALUES(@y, utc_timestamp(), utc_timestamp(), 0,'TCWDtnjgcc7KK4Mfo', 'cjn5te4to0001sbr9p7753lwp', @x);
INSERT INTO r_f_i_d_tags (cuid, created_at, updated_at, epc, epc_type, identifiable_id, identifiable_type, customer_id) VALUES(uuid_short(), utc_timestamp(), utc_timestamp(), 'AAA00444', 'SGTIN', @y, 'Item', 'cjn5te4to0001sbr9p7753lwp');
SET @x = uuid_short();
SET @y = uuid_short();
INSERT INTO item_statuses (cuid, created_at, updated_at, item_status_type_id, customer_id, item_id) VALUES (@x, utc_timestamp(), utc_timestamp(), '100328756316471296', 'cjn5te4to0001sbr9p7753lwp', @y);
INSERT INTO items (cuid, created_at, updated_at, cycle_count, product_id, customer_id, last_status_id) VALUES(@y, utc_timestamp(), utc_timestamp(), 0,'TCWDtnjgcc7KK4Mfo', 'cjn5te4to0001sbr9p7753lwp', @x);
INSERT INTO r_f_i_d_tags (cuid, created_at, updated_at, epc, epc_type, identifiable_id, identifiable_type, customer_id) VALUES(uuid_short(), utc_timestamp(), utc_timestamp(), 'AAA00516', 'SGTIN', @y, 'Item', 'cjn5te4to0001sbr9p7753lwp');
SET @x = uuid_short();
SET @y = uuid_short();
INSERT INTO item_statuses (cuid, created_at, updated_at, item_status_type_id, customer_id, item_id) VALUES (@x, utc_timestamp(), utc_timestamp(), '100328756316471296', 'cjn5te4to0001sbr9p7753lwp', @y);
INSERT INTO items (cuid, created_at, updated_at, cycle_count, product_id, customer_id, last_status_id) VALUES(@y, utc_timestamp(), utc_timestamp(), 0,'TCWDtnjgcc7KK4Mfo', 'cjn5te4to0001sbr9p7753lwp', @x);
INSERT INTO r_f_i_d_tags (cuid, created_at, updated_at, epc, epc_type, identifiable_id, identifiable_type, customer_id) VALUES(uuid_short(), utc_timestamp(), utc_timestamp(), 'AAA00344', 'SGTIN', @y, 'Item', 'cjn5te4to0001sbr9p7753lwp');
SET @x = uuid_short();
SET @y = uuid_short();
INSERT INTO item_statuses (cuid, created_at, updated_at, item_status_type_id, customer_id, item_id) VALUES (@x, utc_timestamp(), utc_timestamp(), '100328756316471296', 'cjn5te4to0001sbr9p7753lwp', @y);
INSERT INTO items (cuid, created_at, updated_at, cycle_count, product_id, customer_id, last_status_id) VALUES(@y, utc_timestamp(), utc_timestamp(), 0,'TCWDtnjgcc7KK4Mfo', 'cjn5te4to0001sbr9p7753lwp', @x);
INSERT INTO r_f_i_d_tags (cuid, created_at, updated_at, epc, epc_type, identifiable_id, identifiable_type, customer_id) VALUES(uuid_short(), utc_timestamp(), utc_timestamp(), 'AAA00390', 'SGTIN', @y, 'Item', 'cjn5te4to0001sbr9p7753lwp');
SET @x = uuid_short();
SET @y = uuid_short();
INSERT INTO item_statuses (cuid, created_at, updated_at, item_status_type_id, customer_id, item_id) VALUES (@x, utc_timestamp(), utc_timestamp(), '100328756316471296', 'cjn5te4to0001sbr9p7753lwp', @y);
INSERT INTO items (cuid, created_at, updated_at, cycle_count, product_id, customer_id, last_status_id) VALUES(@y, utc_timestamp(), utc_timestamp(), 0,'TCWDtnjgcc7KK4Mfo', 'cjn5te4to0001sbr9p7753lwp', @x);
INSERT INTO r_f_i_d_tags (cuid, created_at, updated_at, epc, epc_type, identifiable_id, identifiable_type, customer_id) VALUES(uuid_short(), utc_timestamp(), utc_timestamp(), 'AAA00411', 'SGTIN', @y, 'Item', 'cjn5te4to0001sbr9p7753lwp');
SET @x = uuid_short();
SET @y = uuid_short();
INSERT INTO item_statuses (cuid, created_at, updated_at, item_status_type_id, customer_id, item_id) VALUES (@x, utc_timestamp(), utc_timestamp(), '100328756316471296', 'cjn5te4to0001sbr9p7753lwp', @y);
INSERT INTO items (cuid, created_at, updated_at, cycle_count, product_id, customer_id, last_status_id) VALUES(@y, utc_timestamp(), utc_timestamp(), 0,'TCWDtnjgcc7KK4Mfo', 'cjn5te4to0001sbr9p7753lwp', @x);
INSERT INTO r_f_i_d_tags (cuid, created_at, updated_at, epc, epc_type, identifiable_id, identifiable_type, customer_id) VALUES(uuid_short(), utc_timestamp(), utc_timestamp(), 'AAA00399', 'SGTIN', @y, 'Item', 'cjn5te4to0001sbr9p7753lwp');
SET @x = uuid_short();
SET @y = uuid_short();
INSERT INTO item_statuses (cuid, created_at, updated_at, item_status_type_id, customer_id, item_id) VALUES (@x, utc_timestamp(), utc_timestamp(), '100328756316471296', 'cjn5te4to0001sbr9p7753lwp', @y);
INSERT INTO items (cuid, created_at, updated_at, cycle_count, product_id, customer_id, last_status_id) VALUES(@y, utc_timestamp(), utc_timestamp(), 0,'TCWDtnjgcc7KK4Mfo', 'cjn5te4to0001sbr9p7753lwp', @x);
INSERT INTO r_f_i_d_tags (cuid, created_at, updated_at, epc, epc_type, identifiable_id, identifiable_type, customer_id) VALUES(uuid_short(), utc_timestamp(), utc_timestamp(), 'AAA00500', 'SGTIN', @y, 'Item', 'cjn5te4to0001sbr9p7753lwp');
SET @x = uuid_short();
SET @y = uuid_short();
INSERT INTO item_statuses (cuid, created_at, updated_at, item_status_type_id, customer_id, item_id) VALUES (@x, utc_timestamp(), utc_timestamp(), '100328756316471296', 'cjn5te4to0001sbr9p7753lwp', @y);
INSERT INTO items (cuid, created_at, updated_at, cycle_count, product_id, customer_id, last_status_id) VALUES(@y, utc_timestamp(), utc_timestamp(), 0,'TCWDtnjgcc7KK4Mfo', 'cjn5te4to0001sbr9p7753lwp', @x);
INSERT INTO r_f_i_d_tags (cuid, created_at, updated_at, epc, epc_type, identifiable_id, identifiable_type, customer_id) VALUES(uuid_short(), utc_timestamp(), utc_timestamp(), 'AAA00505', 'SGTIN', @y, 'Item', 'cjn5te4to0001sbr9p7753lwp');
SET @x = uuid_short();
SET @y = uuid_short();
INSERT INTO item_statuses (cuid, created_at, updated_at, item_status_type_id, customer_id, item_id) VALUES (@x, utc_timestamp(), utc_timestamp(), '100328756316471296', 'cjn5te4to0001sbr9p7753lwp', @y);
INSERT INTO items (cuid, created_at, updated_at, cycle_count, product_id, customer_id, last_status_id) VALUES(@y, utc_timestamp(), utc_timestamp(), 0,'TCWDtnjgcc7KK4Mfo', 'cjn5te4to0001sbr9p7753lwp', @x);
INSERT INTO r_f_i_d_tags (cuid, created_at, updated_at, epc, epc_type, identifiable_id, identifiable_type, customer_id) VALUES(uuid_short(), utc_timestamp(), utc_timestamp(), 'AAA00454', 'SGTIN', @y, 'Item', 'cjn5te4to0001sbr9p7753lwp');
SET @x = uuid_short();
SET @y = uuid_short();
INSERT INTO item_statuses (cuid, created_at, updated_at, item_status_type_id, customer_id, item_id) VALUES (@x, utc_timestamp(), utc_timestamp(), '100328756316471296', 'cjn5te4to0001sbr9p7753lwp', @y);
INSERT INTO items (cuid, created_at, updated_at, cycle_count, product_id, customer_id, last_status_id) VALUES(@y, utc_timestamp(), utc_timestamp(), 0,'TCWDtnjgcc7KK4Mfo', 'cjn5te4to0001sbr9p7753lwp', @x);
INSERT INTO r_f_i_d_tags (cuid, created_at, updated_at, epc, epc_type, identifiable_id, identifiable_type, customer_id) VALUES(uuid_short(), utc_timestamp(), utc_timestamp(), 'AAA00441', 'SGTIN', @y, 'Item', 'cjn5te4to0001sbr9p7753lwp');
SET @x = uuid_short();
SET @y = uuid_short();
INSERT INTO item_statuses (cuid, created_at, updated_at, item_status_type_id, customer_id, item_id) VALUES (@x, utc_timestamp(), utc_timestamp(), '100328756316471296', 'cjn5te4to0001sbr9p7753lwp', @y);
INSERT INTO items (cuid, created_at, updated_at, cycle_count, product_id, customer_id, last_status_id) VALUES(@y, utc_timestamp(), utc_timestamp(), 0,'TCWDtnjgcc7KK4Mfo', 'cjn5te4to0001sbr9p7753lwp', @x);
INSERT INTO r_f_i_d_tags (cuid, created_at, updated_at, epc, epc_type, identifiable_id, identifiable_type, customer_id) VALUES(uuid_short(), utc_timestamp(), utc_timestamp(), 'AAA00479', 'SGTIN', @y, 'Item', 'cjn5te4to0001sbr9p7753lwp');
SET @x = uuid_short();
SET @y = uuid_short();
INSERT INTO item_statuses (cuid, created_at, updated_at, item_status_type_id, customer_id, item_id) VALUES (@x, utc_timestamp(), utc_timestamp(), '100328756316471296', 'cjn5te4to0001sbr9p7753lwp', @y);
INSERT INTO items (cuid, created_at, updated_at, cycle_count, product_id, customer_id, last_status_id) VALUES(@y, utc_timestamp(), utc_timestamp(), 0,'TCWDtnjgcc7KK4Mfo', 'cjn5te4to0001sbr9p7753lwp', @x);
INSERT INTO r_f_i_d_tags (cuid, created_at, updated_at, epc, epc_type, identifiable_id, identifiable_type, customer_id) VALUES(uuid_short(), utc_timestamp(), utc_timestamp(), 'AAA00440', 'SGTIN', @y, 'Item', 'cjn5te4to0001sbr9p7753lwp');
SET FOREIGN_KEY_CHECKS=1;


SET FOREIGN_KEY_CHECKS=0;
SET @x = uuid_short();
SET @y = uuid_short();
INSERT INTO item_statuses (cuid, created_at, updated_at, item_status_type_id, customer_id, item_id) VALUES (@x, utc_timestamp(), utc_timestamp(), '100328756316471296', 'cjn5te4to0001sbr9p7753lwp', @y);
INSERT INTO items (cuid, created_at, updated_at, cycle_count, product_id, customer_id, last_status_id) VALUES(@y, utc_timestamp(), utc_timestamp(), 0,'L5TekGzljFRpmnAuf', 'cjn5te4to0001sbr9p7753lwp', @x);
INSERT INTO r_f_i_d_tags (cuid, created_at, updated_at, epc, epc_type, identifiable_id, identifiable_type, customer_id) VALUES(uuid_short(), utc_timestamp(), utc_timestamp(), 'AAA00333', 'SGTIN', @y, 'Item', 'cjn5te4to0001sbr9p7753lwp');
SET @x = uuid_short();
SET @y = uuid_short();
INSERT INTO item_statuses (cuid, created_at, updated_at, item_status_type_id, customer_id, item_id) VALUES (@x, utc_timestamp(), utc_timestamp(), '100328756316471296', 'cjn5te4to0001sbr9p7753lwp', @y);
INSERT INTO items (cuid, created_at, updated_at, cycle_count, product_id, customer_id, last_status_id) VALUES(@y, utc_timestamp(), utc_timestamp(), 0,'L5TekGzljFRpmnAuf', 'cjn5te4to0001sbr9p7753lwp', @x);
INSERT INTO r_f_i_d_tags (cuid, created_at, updated_at, epc, epc_type, identifiable_id, identifiable_type, customer_id) VALUES(uuid_short(), utc_timestamp(), utc_timestamp(), 'AAA00336', 'SGTIN', @y, 'Item', 'cjn5te4to0001sbr9p7753lwp');
SET @x = uuid_short();
SET @y = uuid_short();
INSERT INTO item_statuses (cuid, created_at, updated_at, item_status_type_id, customer_id, item_id) VALUES (@x, utc_timestamp(), utc_timestamp(), '100328756316471296', 'cjn5te4to0001sbr9p7753lwp', @y);
INSERT INTO items (cuid, created_at, updated_at, cycle_count, product_id, customer_id, last_status_id) VALUES(@y, utc_timestamp(), utc_timestamp(), 0,'L5TekGzljFRpmnAuf', 'cjn5te4to0001sbr9p7753lwp', @x);
INSERT INTO r_f_i_d_tags (cuid, created_at, updated_at, epc, epc_type, identifiable_id, identifiable_type, customer_id) VALUES(uuid_short(), utc_timestamp(), utc_timestamp(), 'AAA00245', 'SGTIN', @y, 'Item', 'cjn5te4to0001sbr9p7753lwp');
SET @x = uuid_short();
SET @y = uuid_short();
INSERT INTO item_statuses (cuid, created_at, updated_at, item_status_type_id, customer_id, item_id) VALUES (@x, utc_timestamp(), utc_timestamp(), '100328756316471296', 'cjn5te4to0001sbr9p7753lwp', @y);
INSERT INTO items (cuid, created_at, updated_at, cycle_count, product_id, customer_id, last_status_id) VALUES(@y, utc_timestamp(), utc_timestamp(), 0,'L5TekGzljFRpmnAuf', 'cjn5te4to0001sbr9p7753lwp', @x);
INSERT INTO r_f_i_d_tags (cuid, created_at, updated_at, epc, epc_type, identifiable_id, identifiable_type, customer_id) VALUES(uuid_short(), utc_timestamp(), utc_timestamp(), 'AAA00483', 'SGTIN', @y, 'Item', 'cjn5te4to0001sbr9p7753lwp');
SET @x = uuid_short();
SET @y = uuid_short();
INSERT INTO item_statuses (cuid, created_at, updated_at, item_status_type_id, customer_id, item_id) VALUES (@x, utc_timestamp(), utc_timestamp(), '100328756316471296', 'cjn5te4to0001sbr9p7753lwp', @y);
INSERT INTO items (cuid, created_at, updated_at, cycle_count, product_id, customer_id, last_status_id) VALUES(@y, utc_timestamp(), utc_timestamp(), 0,'L5TekGzljFRpmnAuf', 'cjn5te4to0001sbr9p7753lwp', @x);
INSERT INTO r_f_i_d_tags (cuid, created_at, updated_at, epc, epc_type, identifiable_id, identifiable_type, customer_id) VALUES(uuid_short(), utc_timestamp(), utc_timestamp(), 'AAA00480', 'SGTIN', @y, 'Item', 'cjn5te4to0001sbr9p7753lwp');
SET @x = uuid_short();
SET @y = uuid_short();
INSERT INTO item_statuses (cuid, created_at, updated_at, item_status_type_id, customer_id, item_id) VALUES (@x, utc_timestamp(), utc_timestamp(), '100328756316471296', 'cjn5te4to0001sbr9p7753lwp', @y);
INSERT INTO items (cuid, created_at, updated_at, cycle_count, product_id, customer_id, last_status_id) VALUES(@y, utc_timestamp(), utc_timestamp(), 0,'L5TekGzljFRpmnAuf', 'cjn5te4to0001sbr9p7753lwp', @x);
INSERT INTO r_f_i_d_tags (cuid, created_at, updated_at, epc, epc_type, identifiable_id, identifiable_type, customer_id) VALUES(uuid_short(), utc_timestamp(), utc_timestamp(), 'AAA00102', 'SGTIN', @y, 'Item', 'cjn5te4to0001sbr9p7753lwp');
SET @x = uuid_short();
SET @y = uuid_short();
INSERT INTO item_statuses (cuid, created_at, updated_at, item_status_type_id, customer_id, item_id) VALUES (@x, utc_timestamp(), utc_timestamp(), '100328756316471296', 'cjn5te4to0001sbr9p7753lwp', @y);
INSERT INTO items (cuid, created_at, updated_at, cycle_count, product_id, customer_id, last_status_id) VALUES(@y, utc_timestamp(), utc_timestamp(), 0,'L5TekGzljFRpmnAuf', 'cjn5te4to0001sbr9p7753lwp', @x);
INSERT INTO r_f_i_d_tags (cuid, created_at, updated_at, epc, epc_type, identifiable_id, identifiable_type, customer_id) VALUES(uuid_short(), utc_timestamp(), utc_timestamp(), 'AAA00339', 'SGTIN', @y, 'Item', 'cjn5te4to0001sbr9p7753lwp');
SET @x = uuid_short();
SET @y = uuid_short();
INSERT INTO item_statuses (cuid, created_at, updated_at, item_status_type_id, customer_id, item_id) VALUES (@x, utc_timestamp(), utc_timestamp(), '100328756316471296', 'cjn5te4to0001sbr9p7753lwp', @y);
INSERT INTO items (cuid, created_at, updated_at, cycle_count, product_id, customer_id, last_status_id) VALUES(@y, utc_timestamp(), utc_timestamp(), 0,'L5TekGzljFRpmnAuf', 'cjn5te4to0001sbr9p7753lwp', @x);
INSERT INTO r_f_i_d_tags (cuid, created_at, updated_at, epc, epc_type, identifiable_id, identifiable_type, customer_id) VALUES(uuid_short(), utc_timestamp(), utc_timestamp(), 'AAA00043', 'SGTIN', @y, 'Item', 'cjn5te4to0001sbr9p7753lwp');
SET @x = uuid_short();
SET @y = uuid_short();
INSERT INTO item_statuses (cuid, created_at, updated_at, item_status_type_id, customer_id, item_id) VALUES (@x, utc_timestamp(), utc_timestamp(), '100328756316471296', 'cjn5te4to0001sbr9p7753lwp', @y);
INSERT INTO items (cuid, created_at, updated_at, cycle_count, product_id, customer_id, last_status_id) VALUES(@y, utc_timestamp(), utc_timestamp(), 0,'L5TekGzljFRpmnAuf', 'cjn5te4to0001sbr9p7753lwp', @x);
INSERT INTO r_f_i_d_tags (cuid, created_at, updated_at, epc, epc_type, identifiable_id, identifiable_type, customer_id) VALUES(uuid_short(), utc_timestamp(), utc_timestamp(), 'AAA00112', 'SGTIN', @y, 'Item', 'cjn5te4to0001sbr9p7753lwp');
SET @x = uuid_short();
SET @y = uuid_short();
INSERT INTO item_statuses (cuid, created_at, updated_at, item_status_type_id, customer_id, item_id) VALUES (@x, utc_timestamp(), utc_timestamp(), '100328756316471296', 'cjn5te4to0001sbr9p7753lwp', @y);
INSERT INTO items (cuid, created_at, updated_at, cycle_count, product_id, customer_id, last_status_id) VALUES(@y, utc_timestamp(), utc_timestamp(), 0,'L5TekGzljFRpmnAuf', 'cjn5te4to0001sbr9p7753lwp', @x);
INSERT INTO r_f_i_d_tags (cuid, created_at, updated_at, epc, epc_type, identifiable_id, identifiable_type, customer_id) VALUES(uuid_short(), utc_timestamp(), utc_timestamp(), 'AAA00238', 'SGTIN', @y, 'Item', 'cjn5te4to0001sbr9p7753lwp');
SET @x = uuid_short();
SET @y = uuid_short();
INSERT INTO item_statuses (cuid, created_at, updated_at, item_status_type_id, customer_id, item_id) VALUES (@x, utc_timestamp(), utc_timestamp(), '100328756316471296', 'cjn5te4to0001sbr9p7753lwp', @y);
INSERT INTO items (cuid, created_at, updated_at, cycle_count, product_id, customer_id, last_status_id) VALUES(@y, utc_timestamp(), utc_timestamp(), 0,'L5TekGzljFRpmnAuf', 'cjn5te4to0001sbr9p7753lwp', @x);
INSERT INTO r_f_i_d_tags (cuid, created_at, updated_at, epc, epc_type, identifiable_id, identifiable_type, customer_id) VALUES(uuid_short(), utc_timestamp(), utc_timestamp(), 'AAA00163', 'SGTIN', @y, 'Item', 'cjn5te4to0001sbr9p7753lwp');
SET @x = uuid_short();
SET @y = uuid_short();
INSERT INTO item_statuses (cuid, created_at, updated_at, item_status_type_id, customer_id, item_id) VALUES (@x, utc_timestamp(), utc_timestamp(), '100328756316471296', 'cjn5te4to0001sbr9p7753lwp', @y);
INSERT INTO items (cuid, created_at, updated_at, cycle_count, product_id, customer_id, last_status_id) VALUES(@y, utc_timestamp(), utc_timestamp(), 0,'L5TekGzljFRpmnAuf', 'cjn5te4to0001sbr9p7753lwp', @x);
INSERT INTO r_f_i_d_tags (cuid, created_at, updated_at, epc, epc_type, identifiable_id, identifiable_type, customer_id) VALUES(uuid_short(), utc_timestamp(), utc_timestamp(), 'AAA00305', 'SGTIN', @y, 'Item', 'cjn5te4to0001sbr9p7753lwp');
SET @x = uuid_short();
SET @y = uuid_short();
INSERT INTO item_statuses (cuid, created_at, updated_at, item_status_type_id, customer_id, item_id) VALUES (@x, utc_timestamp(), utc_timestamp(), '100328756316471296', 'cjn5te4to0001sbr9p7753lwp', @y);
INSERT INTO items (cuid, created_at, updated_at, cycle_count, product_id, customer_id, last_status_id) VALUES(@y, utc_timestamp(), utc_timestamp(), 0,'L5TekGzljFRpmnAuf', 'cjn5te4to0001sbr9p7753lwp', @x);
INSERT INTO r_f_i_d_tags (cuid, created_at, updated_at, epc, epc_type, identifiable_id, identifiable_type, customer_id) VALUES(uuid_short(), utc_timestamp(), utc_timestamp(), 'AAA00265', 'SGTIN', @y, 'Item', 'cjn5te4to0001sbr9p7753lwp');
SET @x = uuid_short();
SET @y = uuid_short();
INSERT INTO item_statuses (cuid, created_at, updated_at, item_status_type_id, customer_id, item_id) VALUES (@x, utc_timestamp(), utc_timestamp(), '100328756316471296', 'cjn5te4to0001sbr9p7753lwp', @y);
INSERT INTO items (cuid, created_at, updated_at, cycle_count, product_id, customer_id, last_status_id) VALUES(@y, utc_timestamp(), utc_timestamp(), 0,'L5TekGzljFRpmnAuf', 'cjn5te4to0001sbr9p7753lwp', @x);
INSERT INTO r_f_i_d_tags (cuid, created_at, updated_at, epc, epc_type, identifiable_id, identifiable_type, customer_id) VALUES(uuid_short(), utc_timestamp(), utc_timestamp(), 'AAA00007', 'SGTIN', @y, 'Item', 'cjn5te4to0001sbr9p7753lwp');
SET @x = uuid_short();
SET @y = uuid_short();
INSERT INTO item_statuses (cuid, created_at, updated_at, item_status_type_id, customer_id, item_id) VALUES (@x, utc_timestamp(), utc_timestamp(), '100328756316471296', 'cjn5te4to0001sbr9p7753lwp', @y);
INSERT INTO items (cuid, created_at, updated_at, cycle_count, product_id, customer_id, last_status_id) VALUES(@y, utc_timestamp(), utc_timestamp(), 0,'L5TekGzljFRpmnAuf', 'cjn5te4to0001sbr9p7753lwp', @x);
INSERT INTO r_f_i_d_tags (cuid, created_at, updated_at, epc, epc_type, identifiable_id, identifiable_type, customer_id) VALUES(uuid_short(), utc_timestamp(), utc_timestamp(), 'AAA00369', 'SGTIN', @y, 'Item', 'cjn5te4to0001sbr9p7753lwp');
SET @x = uuid_short();
SET @y = uuid_short();
INSERT INTO item_statuses (cuid, created_at, updated_at, item_status_type_id, customer_id, item_id) VALUES (@x, utc_timestamp(), utc_timestamp(), '100328756316471296', 'cjn5te4to0001sbr9p7753lwp', @y);
INSERT INTO items (cuid, created_at, updated_at, cycle_count, product_id, customer_id, last_status_id) VALUES(@y, utc_timestamp(), utc_timestamp(), 0,'L5TekGzljFRpmnAuf', 'cjn5te4to0001sbr9p7753lwp', @x);
INSERT INTO r_f_i_d_tags (cuid, created_at, updated_at, epc, epc_type, identifiable_id, identifiable_type, customer_id) VALUES(uuid_short(), utc_timestamp(), utc_timestamp(), 'AAA00395', 'SGTIN', @y, 'Item', 'cjn5te4to0001sbr9p7753lwp');
SET @x = uuid_short();
SET @y = uuid_short();
INSERT INTO item_statuses (cuid, created_at, updated_at, item_status_type_id, customer_id, item_id) VALUES (@x, utc_timestamp(), utc_timestamp(), '100328756316471296', 'cjn5te4to0001sbr9p7753lwp', @y);
INSERT INTO items (cuid, created_at, updated_at, cycle_count, product_id, customer_id, last_status_id) VALUES(@y, utc_timestamp(), utc_timestamp(), 0,'L5TekGzljFRpmnAuf', 'cjn5te4to0001sbr9p7753lwp', @x);
INSERT INTO r_f_i_d_tags (cuid, created_at, updated_at, epc, epc_type, identifiable_id, identifiable_type, customer_id) VALUES(uuid_short(), utc_timestamp(), utc_timestamp(), 'AAA00465', 'SGTIN', @y, 'Item', 'cjn5te4to0001sbr9p7753lwp');
SET @x = uuid_short();
SET @y = uuid_short();
INSERT INTO item_statuses (cuid, created_at, updated_at, item_status_type_id, customer_id, item_id) VALUES (@x, utc_timestamp(), utc_timestamp(), '100328756316471296', 'cjn5te4to0001sbr9p7753lwp', @y);
INSERT INTO items (cuid, created_at, updated_at, cycle_count, product_id, customer_id, last_status_id) VALUES(@y, utc_timestamp(), utc_timestamp(), 0,'L5TekGzljFRpmnAuf', 'cjn5te4to0001sbr9p7753lwp', @x);
INSERT INTO r_f_i_d_tags (cuid, created_at, updated_at, epc, epc_type, identifiable_id, identifiable_type, customer_id) VALUES(uuid_short(), utc_timestamp(), utc_timestamp(), 'AAA00101', 'SGTIN', @y, 'Item', 'cjn5te4to0001sbr9p7753lwp');
SET @x = uuid_short();
SET @y = uuid_short();
INSERT INTO item_statuses (cuid, created_at, updated_at, item_status_type_id, customer_id, item_id) VALUES (@x, utc_timestamp(), utc_timestamp(), '100328756316471296', 'cjn5te4to0001sbr9p7753lwp', @y);
INSERT INTO items (cuid, created_at, updated_at, cycle_count, product_id, customer_id, last_status_id) VALUES(@y, utc_timestamp(), utc_timestamp(), 0,'L5TekGzljFRpmnAuf', 'cjn5te4to0001sbr9p7753lwp', @x);
INSERT INTO r_f_i_d_tags (cuid, created_at, updated_at, epc, epc_type, identifiable_id, identifiable_type, customer_id) VALUES(uuid_short(), utc_timestamp(), utc_timestamp(), 'AAA00214', 'SGTIN', @y, 'Item', 'cjn5te4to0001sbr9p7753lwp');
SET @x = uuid_short();
SET @y = uuid_short();
INSERT INTO item_statuses (cuid, created_at, updated_at, item_status_type_id, customer_id, item_id) VALUES (@x, utc_timestamp(), utc_timestamp(), '100328756316471296', 'cjn5te4to0001sbr9p7753lwp', @y);
INSERT INTO items (cuid, created_at, updated_at, cycle_count, product_id, customer_id, last_status_id) VALUES(@y, utc_timestamp(), utc_timestamp(), 0,'L5TekGzljFRpmnAuf', 'cjn5te4to0001sbr9p7753lwp', @x);
INSERT INTO r_f_i_d_tags (cuid, created_at, updated_at, epc, epc_type, identifiable_id, identifiable_type, customer_id) VALUES(uuid_short(), utc_timestamp(), utc_timestamp(), 'AAA00008', 'SGTIN', @y, 'Item', 'cjn5te4to0001sbr9p7753lwp');
SET @x = uuid_short();
SET @y = uuid_short();
INSERT INTO item_statuses (cuid, created_at, updated_at, item_status_type_id, customer_id, item_id) VALUES (@x, utc_timestamp(), utc_timestamp(), '100328756316471296', 'cjn5te4to0001sbr9p7753lwp', @y);
INSERT INTO items (cuid, created_at, updated_at, cycle_count, product_id, customer_id, last_status_id) VALUES(@y, utc_timestamp(), utc_timestamp(), 0,'L5TekGzljFRpmnAuf', 'cjn5te4to0001sbr9p7753lwp', @x);
INSERT INTO r_f_i_d_tags (cuid, created_at, updated_at, epc, epc_type, identifiable_id, identifiable_type, customer_id) VALUES(uuid_short(), utc_timestamp(), utc_timestamp(), 'AAA00095', 'SGTIN', @y, 'Item', 'cjn5te4to0001sbr9p7753lwp');
SET @x = uuid_short();
SET @y = uuid_short();
INSERT INTO item_statuses (cuid, created_at, updated_at, item_status_type_id, customer_id, item_id) VALUES (@x, utc_timestamp(), utc_timestamp(), '100328756316471296', 'cjn5te4to0001sbr9p7753lwp', @y);
INSERT INTO items (cuid, created_at, updated_at, cycle_count, product_id, customer_id, last_status_id) VALUES(@y, utc_timestamp(), utc_timestamp(), 0,'L5TekGzljFRpmnAuf', 'cjn5te4to0001sbr9p7753lwp', @x);
INSERT INTO r_f_i_d_tags (cuid, created_at, updated_at, epc, epc_type, identifiable_id, identifiable_type, customer_id) VALUES(uuid_short(), utc_timestamp(), utc_timestamp(), 'AAA00030', 'SGTIN', @y, 'Item', 'cjn5te4to0001sbr9p7753lwp');
SET @x = uuid_short();
SET @y = uuid_short();
INSERT INTO item_statuses (cuid, created_at, updated_at, item_status_type_id, customer_id, item_id) VALUES (@x, utc_timestamp(), utc_timestamp(), '100328756316471296', 'cjn5te4to0001sbr9p7753lwp', @y);
INSERT INTO items (cuid, created_at, updated_at, cycle_count, product_id, customer_id, last_status_id) VALUES(@y, utc_timestamp(), utc_timestamp(), 0,'L5TekGzljFRpmnAuf', 'cjn5te4to0001sbr9p7753lwp', @x);
INSERT INTO r_f_i_d_tags (cuid, created_at, updated_at, epc, epc_type, identifiable_id, identifiable_type, customer_id) VALUES(uuid_short(), utc_timestamp(), utc_timestamp(), 'AAA00117', 'SGTIN', @y, 'Item', 'cjn5te4to0001sbr9p7753lwp');
SET @x = uuid_short();
SET @y = uuid_short();
INSERT INTO item_statuses (cuid, created_at, updated_at, item_status_type_id, customer_id, item_id) VALUES (@x, utc_timestamp(), utc_timestamp(), '100328756316471296', 'cjn5te4to0001sbr9p7753lwp', @y);
INSERT INTO items (cuid, created_at, updated_at, cycle_count, product_id, customer_id, last_status_id) VALUES(@y, utc_timestamp(), utc_timestamp(), 0,'L5TekGzljFRpmnAuf', 'cjn5te4to0001sbr9p7753lwp', @x);
INSERT INTO r_f_i_d_tags (cuid, created_at, updated_at, epc, epc_type, identifiable_id, identifiable_type, customer_id) VALUES(uuid_short(), utc_timestamp(), utc_timestamp(), 'AAA00251', 'SGTIN', @y, 'Item', 'cjn5te4to0001sbr9p7753lwp');
SET @x = uuid_short();
SET @y = uuid_short();
INSERT INTO item_statuses (cuid, created_at, updated_at, item_status_type_id, customer_id, item_id) VALUES (@x, utc_timestamp(), utc_timestamp(), '100328756316471296', 'cjn5te4to0001sbr9p7753lwp', @y);
INSERT INTO items (cuid, created_at, updated_at, cycle_count, product_id, customer_id, last_status_id) VALUES(@y, utc_timestamp(), utc_timestamp(), 0,'L5TekGzljFRpmnAuf', 'cjn5te4to0001sbr9p7753lwp', @x);
INSERT INTO r_f_i_d_tags (cuid, created_at, updated_at, epc, epc_type, identifiable_id, identifiable_type, customer_id) VALUES(uuid_short(), utc_timestamp(), utc_timestamp(), 'AAA00294', 'SGTIN', @y, 'Item', 'cjn5te4to0001sbr9p7753lwp');
SET @x = uuid_short();
SET @y = uuid_short();
INSERT INTO item_statuses (cuid, created_at, updated_at, item_status_type_id, customer_id, item_id) VALUES (@x, utc_timestamp(), utc_timestamp(), '100328756316471296', 'cjn5te4to0001sbr9p7753lwp', @y);
INSERT INTO items (cuid, created_at, updated_at, cycle_count, product_id, customer_id, last_status_id) VALUES(@y, utc_timestamp(), utc_timestamp(), 0,'L5TekGzljFRpmnAuf', 'cjn5te4to0001sbr9p7753lwp', @x);
INSERT INTO r_f_i_d_tags (cuid, created_at, updated_at, epc, epc_type, identifiable_id, identifiable_type, customer_id) VALUES(uuid_short(), utc_timestamp(), utc_timestamp(), 'AAA00228', 'SGTIN', @y, 'Item', 'cjn5te4to0001sbr9p7753lwp');
SET @x = uuid_short();
SET @y = uuid_short();
INSERT INTO item_statuses (cuid, created_at, updated_at, item_status_type_id, customer_id, item_id) VALUES (@x, utc_timestamp(), utc_timestamp(), '100328756316471296', 'cjn5te4to0001sbr9p7753lwp', @y);
INSERT INTO items (cuid, created_at, updated_at, cycle_count, product_id, customer_id, last_status_id) VALUES(@y, utc_timestamp(), utc_timestamp(), 0,'L5TekGzljFRpmnAuf', 'cjn5te4to0001sbr9p7753lwp', @x);
INSERT INTO r_f_i_d_tags (cuid, created_at, updated_at, epc, epc_type, identifiable_id, identifiable_type, customer_id) VALUES(uuid_short(), utc_timestamp(), utc_timestamp(), 'AAA00326', 'SGTIN', @y, 'Item', 'cjn5te4to0001sbr9p7753lwp');
SET @x = uuid_short();
SET @y = uuid_short();
INSERT INTO item_statuses (cuid, created_at, updated_at, item_status_type_id, customer_id, item_id) VALUES (@x, utc_timestamp(), utc_timestamp(), '100328756316471296', 'cjn5te4to0001sbr9p7753lwp', @y);
INSERT INTO items (cuid, created_at, updated_at, cycle_count, product_id, customer_id, last_status_id) VALUES(@y, utc_timestamp(), utc_timestamp(), 0,'L5TekGzljFRpmnAuf', 'cjn5te4to0001sbr9p7753lwp', @x);
INSERT INTO r_f_i_d_tags (cuid, created_at, updated_at, epc, epc_type, identifiable_id, identifiable_type, customer_id) VALUES(uuid_short(), utc_timestamp(), utc_timestamp(), 'AAA00319', 'SGTIN', @y, 'Item', 'cjn5te4to0001sbr9p7753lwp');
SET @x = uuid_short();
SET @y = uuid_short();
INSERT INTO item_statuses (cuid, created_at, updated_at, item_status_type_id, customer_id, item_id) VALUES (@x, utc_timestamp(), utc_timestamp(), '100328756316471296', 'cjn5te4to0001sbr9p7753lwp', @y);
INSERT INTO items (cuid, created_at, updated_at, cycle_count, product_id, customer_id, last_status_id) VALUES(@y, utc_timestamp(), utc_timestamp(), 0,'L5TekGzljFRpmnAuf', 'cjn5te4to0001sbr9p7753lwp', @x);
INSERT INTO r_f_i_d_tags (cuid, created_at, updated_at, epc, epc_type, identifiable_id, identifiable_type, customer_id) VALUES(uuid_short(), utc_timestamp(), utc_timestamp(), 'AAA00311', 'SGTIN', @y, 'Item', 'cjn5te4to0001sbr9p7753lwp');
SET @x = uuid_short();
SET @y = uuid_short();
INSERT INTO item_statuses (cuid, created_at, updated_at, item_status_type_id, customer_id, item_id) VALUES (@x, utc_timestamp(), utc_timestamp(), '100328756316471296', 'cjn5te4to0001sbr9p7753lwp', @y);
INSERT INTO items (cuid, created_at, updated_at, cycle_count, product_id, customer_id, last_status_id) VALUES(@y, utc_timestamp(), utc_timestamp(), 0,'L5TekGzljFRpmnAuf', 'cjn5te4to0001sbr9p7753lwp', @x);
INSERT INTO r_f_i_d_tags (cuid, created_at, updated_at, epc, epc_type, identifiable_id, identifiable_type, customer_id) VALUES(uuid_short(), utc_timestamp(), utc_timestamp(), 'AAA00322', 'SGTIN', @y, 'Item', 'cjn5te4to0001sbr9p7753lwp');
SET @x = uuid_short();
SET @y = uuid_short();
INSERT INTO item_statuses (cuid, created_at, updated_at, item_status_type_id, customer_id, item_id) VALUES (@x, utc_timestamp(), utc_timestamp(), '100328756316471296', 'cjn5te4to0001sbr9p7753lwp', @y);
INSERT INTO items (cuid, created_at, updated_at, cycle_count, product_id, customer_id, last_status_id) VALUES(@y, utc_timestamp(), utc_timestamp(), 0,'L5TekGzljFRpmnAuf', 'cjn5te4to0001sbr9p7753lwp', @x);
INSERT INTO r_f_i_d_tags (cuid, created_at, updated_at, epc, epc_type, identifiable_id, identifiable_type, customer_id) VALUES(uuid_short(), utc_timestamp(), utc_timestamp(), 'AAA00426', 'SGTIN', @y, 'Item', 'cjn5te4to0001sbr9p7753lwp');
SET @x = uuid_short();
SET @y = uuid_short();
INSERT INTO item_statuses (cuid, created_at, updated_at, item_status_type_id, customer_id, item_id) VALUES (@x, utc_timestamp(), utc_timestamp(), '100328756316471296', 'cjn5te4to0001sbr9p7753lwp', @y);
INSERT INTO items (cuid, created_at, updated_at, cycle_count, product_id, customer_id, last_status_id) VALUES(@y, utc_timestamp(), utc_timestamp(), 0,'L5TekGzljFRpmnAuf', 'cjn5te4to0001sbr9p7753lwp', @x);
INSERT INTO r_f_i_d_tags (cuid, created_at, updated_at, epc, epc_type, identifiable_id, identifiable_type, customer_id) VALUES(uuid_short(), utc_timestamp(), utc_timestamp(), 'AAA00109', 'SGTIN', @y, 'Item', 'cjn5te4to0001sbr9p7753lwp');
SET @x = uuid_short();
SET @y = uuid_short();
INSERT INTO item_statuses (cuid, created_at, updated_at, item_status_type_id, customer_id, item_id) VALUES (@x, utc_timestamp(), utc_timestamp(), '100328756316471296', 'cjn5te4to0001sbr9p7753lwp', @y);
INSERT INTO items (cuid, created_at, updated_at, cycle_count, product_id, customer_id, last_status_id) VALUES(@y, utc_timestamp(), utc_timestamp(), 0,'L5TekGzljFRpmnAuf', 'cjn5te4to0001sbr9p7753lwp', @x);
INSERT INTO r_f_i_d_tags (cuid, created_at, updated_at, epc, epc_type, identifiable_id, identifiable_type, customer_id) VALUES(uuid_short(), utc_timestamp(), utc_timestamp(), 'AAA00203', 'SGTIN', @y, 'Item', 'cjn5te4to0001sbr9p7753lwp');
SET @x = uuid_short();
SET @y = uuid_short();
INSERT INTO item_statuses (cuid, created_at, updated_at, item_status_type_id, customer_id, item_id) VALUES (@x, utc_timestamp(), utc_timestamp(), '100328756316471296', 'cjn5te4to0001sbr9p7753lwp', @y);
INSERT INTO items (cuid, created_at, updated_at, cycle_count, product_id, customer_id, last_status_id) VALUES(@y, utc_timestamp(), utc_timestamp(), 0,'L5TekGzljFRpmnAuf', 'cjn5te4to0001sbr9p7753lwp', @x);
INSERT INTO r_f_i_d_tags (cuid, created_at, updated_at, epc, epc_type, identifiable_id, identifiable_type, customer_id) VALUES(uuid_short(), utc_timestamp(), utc_timestamp(), 'AAA00303', 'SGTIN', @y, 'Item', 'cjn5te4to0001sbr9p7753lwp');
SET @x = uuid_short();
SET @y = uuid_short();
INSERT INTO item_statuses (cuid, created_at, updated_at, item_status_type_id, customer_id, item_id) VALUES (@x, utc_timestamp(), utc_timestamp(), '100328756316471296', 'cjn5te4to0001sbr9p7753lwp', @y);
INSERT INTO items (cuid, created_at, updated_at, cycle_count, product_id, customer_id, last_status_id) VALUES(@y, utc_timestamp(), utc_timestamp(), 0,'L5TekGzljFRpmnAuf', 'cjn5te4to0001sbr9p7753lwp', @x);
INSERT INTO r_f_i_d_tags (cuid, created_at, updated_at, epc, epc_type, identifiable_id, identifiable_type, customer_id) VALUES(uuid_short(), utc_timestamp(), utc_timestamp(), 'AAA00279', 'SGTIN', @y, 'Item', 'cjn5te4to0001sbr9p7753lwp');
SET @x = uuid_short();
SET @y = uuid_short();
INSERT INTO item_statuses (cuid, created_at, updated_at, item_status_type_id, customer_id, item_id) VALUES (@x, utc_timestamp(), utc_timestamp(), '100328756316471296', 'cjn5te4to0001sbr9p7753lwp', @y);
INSERT INTO items (cuid, created_at, updated_at, cycle_count, product_id, customer_id, last_status_id) VALUES(@y, utc_timestamp(), utc_timestamp(), 0,'L5TekGzljFRpmnAuf', 'cjn5te4to0001sbr9p7753lwp', @x);
INSERT INTO r_f_i_d_tags (cuid, created_at, updated_at, epc, epc_type, identifiable_id, identifiable_type, customer_id) VALUES(uuid_short(), utc_timestamp(), utc_timestamp(), 'AAA00272', 'SGTIN', @y, 'Item', 'cjn5te4to0001sbr9p7753lwp');
SET @x = uuid_short();
SET @y = uuid_short();
INSERT INTO item_statuses (cuid, created_at, updated_at, item_status_type_id, customer_id, item_id) VALUES (@x, utc_timestamp(), utc_timestamp(), '100328756316471296', 'cjn5te4to0001sbr9p7753lwp', @y);
INSERT INTO items (cuid, created_at, updated_at, cycle_count, product_id, customer_id, last_status_id) VALUES(@y, utc_timestamp(), utc_timestamp(), 0,'L5TekGzljFRpmnAuf', 'cjn5te4to0001sbr9p7753lwp', @x);
INSERT INTO r_f_i_d_tags (cuid, created_at, updated_at, epc, epc_type, identifiable_id, identifiable_type, customer_id) VALUES(uuid_short(), utc_timestamp(), utc_timestamp(), 'AAA00006', 'SGTIN', @y, 'Item', 'cjn5te4to0001sbr9p7753lwp');
SET @x = uuid_short();
SET @y = uuid_short();
INSERT INTO item_statuses (cuid, created_at, updated_at, item_status_type_id, customer_id, item_id) VALUES (@x, utc_timestamp(), utc_timestamp(), '100328756316471296', 'cjn5te4to0001sbr9p7753lwp', @y);
INSERT INTO items (cuid, created_at, updated_at, cycle_count, product_id, customer_id, last_status_id) VALUES(@y, utc_timestamp(), utc_timestamp(), 0,'L5TekGzljFRpmnAuf', 'cjn5te4to0001sbr9p7753lwp', @x);
INSERT INTO r_f_i_d_tags (cuid, created_at, updated_at, epc, epc_type, identifiable_id, identifiable_type, customer_id) VALUES(uuid_short(), utc_timestamp(), utc_timestamp(), 'AAA00299', 'SGTIN', @y, 'Item', 'cjn5te4to0001sbr9p7753lwp');
SET @x = uuid_short();
SET @y = uuid_short();
INSERT INTO item_statuses (cuid, created_at, updated_at, item_status_type_id, customer_id, item_id) VALUES (@x, utc_timestamp(), utc_timestamp(), '100328756316471296', 'cjn5te4to0001sbr9p7753lwp', @y);
INSERT INTO items (cuid, created_at, updated_at, cycle_count, product_id, customer_id, last_status_id) VALUES(@y, utc_timestamp(), utc_timestamp(), 0,'L5TekGzljFRpmnAuf', 'cjn5te4to0001sbr9p7753lwp', @x);
INSERT INTO r_f_i_d_tags (cuid, created_at, updated_at, epc, epc_type, identifiable_id, identifiable_type, customer_id) VALUES(uuid_short(), utc_timestamp(), utc_timestamp(), 'AAA00460', 'SGTIN', @y, 'Item', 'cjn5te4to0001sbr9p7753lwp');
SET @x = uuid_short();
SET @y = uuid_short();
INSERT INTO item_statuses (cuid, created_at, updated_at, item_status_type_id, customer_id, item_id) VALUES (@x, utc_timestamp(), utc_timestamp(), '100328756316471296', 'cjn5te4to0001sbr9p7753lwp', @y);
INSERT INTO items (cuid, created_at, updated_at, cycle_count, product_id, customer_id, last_status_id) VALUES(@y, utc_timestamp(), utc_timestamp(), 0,'L5TekGzljFRpmnAuf', 'cjn5te4to0001sbr9p7753lwp', @x);
INSERT INTO r_f_i_d_tags (cuid, created_at, updated_at, epc, epc_type, identifiable_id, identifiable_type, customer_id) VALUES(uuid_short(), utc_timestamp(), utc_timestamp(), 'AAA00083', 'SGTIN', @y, 'Item', 'cjn5te4to0001sbr9p7753lwp');
SET @x = uuid_short();
SET @y = uuid_short();
INSERT INTO item_statuses (cuid, created_at, updated_at, item_status_type_id, customer_id, item_id) VALUES (@x, utc_timestamp(), utc_timestamp(), '100328756316471296', 'cjn5te4to0001sbr9p7753lwp', @y);
INSERT INTO items (cuid, created_at, updated_at, cycle_count, product_id, customer_id, last_status_id) VALUES(@y, utc_timestamp(), utc_timestamp(), 0,'L5TekGzljFRpmnAuf', 'cjn5te4to0001sbr9p7753lwp', @x);
INSERT INTO r_f_i_d_tags (cuid, created_at, updated_at, epc, epc_type, identifiable_id, identifiable_type, customer_id) VALUES(uuid_short(), utc_timestamp(), utc_timestamp(), 'AAA00412', 'SGTIN', @y, 'Item', 'cjn5te4to0001sbr9p7753lwp');
SET @x = uuid_short();
SET @y = uuid_short();
INSERT INTO item_statuses (cuid, created_at, updated_at, item_status_type_id, customer_id, item_id) VALUES (@x, utc_timestamp(), utc_timestamp(), '100328756316471296', 'cjn5te4to0001sbr9p7753lwp', @y);
INSERT INTO items (cuid, created_at, updated_at, cycle_count, product_id, customer_id, last_status_id) VALUES(@y, utc_timestamp(), utc_timestamp(), 0,'L5TekGzljFRpmnAuf', 'cjn5te4to0001sbr9p7753lwp', @x);
INSERT INTO r_f_i_d_tags (cuid, created_at, updated_at, epc, epc_type, identifiable_id, identifiable_type, customer_id) VALUES(uuid_short(), utc_timestamp(), utc_timestamp(), 'AAA00316', 'SGTIN', @y, 'Item', 'cjn5te4to0001sbr9p7753lwp');
SET @x = uuid_short();
SET @y = uuid_short();
INSERT INTO item_statuses (cuid, created_at, updated_at, item_status_type_id, customer_id, item_id) VALUES (@x, utc_timestamp(), utc_timestamp(), '100328756316471296', 'cjn5te4to0001sbr9p7753lwp', @y);
INSERT INTO items (cuid, created_at, updated_at, cycle_count, product_id, customer_id, last_status_id) VALUES(@y, utc_timestamp(), utc_timestamp(), 0,'L5TekGzljFRpmnAuf', 'cjn5te4to0001sbr9p7753lwp', @x);
INSERT INTO r_f_i_d_tags (cuid, created_at, updated_at, epc, epc_type, identifiable_id, identifiable_type, customer_id) VALUES(uuid_short(), utc_timestamp(), utc_timestamp(), 'AAA00478', 'SGTIN', @y, 'Item', 'cjn5te4to0001sbr9p7753lwp');
SET @x = uuid_short();
SET @y = uuid_short();
INSERT INTO item_statuses (cuid, created_at, updated_at, item_status_type_id, customer_id, item_id) VALUES (@x, utc_timestamp(), utc_timestamp(), '100328756316471296', 'cjn5te4to0001sbr9p7753lwp', @y);
INSERT INTO items (cuid, created_at, updated_at, cycle_count, product_id, customer_id, last_status_id) VALUES(@y, utc_timestamp(), utc_timestamp(), 0,'L5TekGzljFRpmnAuf', 'cjn5te4to0001sbr9p7753lwp', @x);
INSERT INTO r_f_i_d_tags (cuid, created_at, updated_at, epc, epc_type, identifiable_id, identifiable_type, customer_id) VALUES(uuid_short(), utc_timestamp(), utc_timestamp(), 'AAA00472', 'SGTIN', @y, 'Item', 'cjn5te4to0001sbr9p7753lwp');
SET @x = uuid_short();
SET @y = uuid_short();
INSERT INTO item_statuses (cuid, created_at, updated_at, item_status_type_id, customer_id, item_id) VALUES (@x, utc_timestamp(), utc_timestamp(), '100328756316471296', 'cjn5te4to0001sbr9p7753lwp', @y);
INSERT INTO items (cuid, created_at, updated_at, cycle_count, product_id, customer_id, last_status_id) VALUES(@y, utc_timestamp(), utc_timestamp(), 0,'L5TekGzljFRpmnAuf', 'cjn5te4to0001sbr9p7753lwp', @x);
INSERT INTO r_f_i_d_tags (cuid, created_at, updated_at, epc, epc_type, identifiable_id, identifiable_type, customer_id) VALUES(uuid_short(), utc_timestamp(), utc_timestamp(), 'AAA00499', 'SGTIN', @y, 'Item', 'cjn5te4to0001sbr9p7753lwp');
SET @x = uuid_short();
SET @y = uuid_short();
INSERT INTO item_statuses (cuid, created_at, updated_at, item_status_type_id, customer_id, item_id) VALUES (@x, utc_timestamp(), utc_timestamp(), '100328756316471296', 'cjn5te4to0001sbr9p7753lwp', @y);
INSERT INTO items (cuid, created_at, updated_at, cycle_count, product_id, customer_id, last_status_id) VALUES(@y, utc_timestamp(), utc_timestamp(), 0,'L5TekGzljFRpmnAuf', 'cjn5te4to0001sbr9p7753lwp', @x);
INSERT INTO r_f_i_d_tags (cuid, created_at, updated_at, epc, epc_type, identifiable_id, identifiable_type, customer_id) VALUES(uuid_short(), utc_timestamp(), utc_timestamp(), 'AAA00437', 'SGTIN', @y, 'Item', 'cjn5te4to0001sbr9p7753lwp');
SET @x = uuid_short();
SET @y = uuid_short();
INSERT INTO item_statuses (cuid, created_at, updated_at, item_status_type_id, customer_id, item_id) VALUES (@x, utc_timestamp(), utc_timestamp(), '100328756316471296', 'cjn5te4to0001sbr9p7753lwp', @y);
INSERT INTO items (cuid, created_at, updated_at, cycle_count, product_id, customer_id, last_status_id) VALUES(@y, utc_timestamp(), utc_timestamp(), 0,'L5TekGzljFRpmnAuf', 'cjn5te4to0001sbr9p7753lwp', @x);
INSERT INTO r_f_i_d_tags (cuid, created_at, updated_at, epc, epc_type, identifiable_id, identifiable_type, customer_id) VALUES(uuid_short(), utc_timestamp(), utc_timestamp(), 'AAA00477', 'SGTIN', @y, 'Item', 'cjn5te4to0001sbr9p7753lwp');
SET @x = uuid_short();
SET @y = uuid_short();
INSERT INTO item_statuses (cuid, created_at, updated_at, item_status_type_id, customer_id, item_id) VALUES (@x, utc_timestamp(), utc_timestamp(), '100328756316471296', 'cjn5te4to0001sbr9p7753lwp', @y);
INSERT INTO items (cuid, created_at, updated_at, cycle_count, product_id, customer_id, last_status_id) VALUES(@y, utc_timestamp(), utc_timestamp(), 0,'L5TekGzljFRpmnAuf', 'cjn5te4to0001sbr9p7753lwp', @x);
INSERT INTO r_f_i_d_tags (cuid, created_at, updated_at, epc, epc_type, identifiable_id, identifiable_type, customer_id) VALUES(uuid_short(), utc_timestamp(), utc_timestamp(), 'AAA00146', 'SGTIN', @y, 'Item', 'cjn5te4to0001sbr9p7753lwp');
SET @x = uuid_short();
SET @y = uuid_short();
INSERT INTO item_statuses (cuid, created_at, updated_at, item_status_type_id, customer_id, item_id) VALUES (@x, utc_timestamp(), utc_timestamp(), '100328756316471296', 'cjn5te4to0001sbr9p7753lwp', @y);
INSERT INTO items (cuid, created_at, updated_at, cycle_count, product_id, customer_id, last_status_id) VALUES(@y, utc_timestamp(), utc_timestamp(), 0,'L5TekGzljFRpmnAuf', 'cjn5te4to0001sbr9p7753lwp', @x);
INSERT INTO r_f_i_d_tags (cuid, created_at, updated_at, epc, epc_type, identifiable_id, identifiable_type, customer_id) VALUES(uuid_short(), utc_timestamp(), utc_timestamp(), 'AAA00276', 'SGTIN', @y, 'Item', 'cjn5te4to0001sbr9p7753lwp');
SET @x = uuid_short();
SET @y = uuid_short();
INSERT INTO item_statuses (cuid, created_at, updated_at, item_status_type_id, customer_id, item_id) VALUES (@x, utc_timestamp(), utc_timestamp(), '100328756316471296', 'cjn5te4to0001sbr9p7753lwp', @y);
INSERT INTO items (cuid, created_at, updated_at, cycle_count, product_id, customer_id, last_status_id) VALUES(@y, utc_timestamp(), utc_timestamp(), 0,'L5TekGzljFRpmnAuf', 'cjn5te4to0001sbr9p7753lwp', @x);
INSERT INTO r_f_i_d_tags (cuid, created_at, updated_at, epc, epc_type, identifiable_id, identifiable_type, customer_id) VALUES(uuid_short(), utc_timestamp(), utc_timestamp(), 'AAA00080', 'SGTIN', @y, 'Item', 'cjn5te4to0001sbr9p7753lwp');
SET @x = uuid_short();
SET @y = uuid_short();
INSERT INTO item_statuses (cuid, created_at, updated_at, item_status_type_id, customer_id, item_id) VALUES (@x, utc_timestamp(), utc_timestamp(), '100328756316471296', 'cjn5te4to0001sbr9p7753lwp', @y);
INSERT INTO items (cuid, created_at, updated_at, cycle_count, product_id, customer_id, last_status_id) VALUES(@y, utc_timestamp(), utc_timestamp(), 0,'L5TekGzljFRpmnAuf', 'cjn5te4to0001sbr9p7753lwp', @x);
INSERT INTO r_f_i_d_tags (cuid, created_at, updated_at, epc, epc_type, identifiable_id, identifiable_type, customer_id) VALUES(uuid_short(), utc_timestamp(), utc_timestamp(), 'AAA00066', 'SGTIN', @y, 'Item', 'cjn5te4to0001sbr9p7753lwp');
SET @x = uuid_short();
SET @y = uuid_short();
INSERT INTO item_statuses (cuid, created_at, updated_at, item_status_type_id, customer_id, item_id) VALUES (@x, utc_timestamp(), utc_timestamp(), '100328756316471296', 'cjn5te4to0001sbr9p7753lwp', @y);
INSERT INTO items (cuid, created_at, updated_at, cycle_count, product_id, customer_id, last_status_id) VALUES(@y, utc_timestamp(), utc_timestamp(), 0,'L5TekGzljFRpmnAuf', 'cjn5te4to0001sbr9p7753lwp', @x);
INSERT INTO r_f_i_d_tags (cuid, created_at, updated_at, epc, epc_type, identifiable_id, identifiable_type, customer_id) VALUES(uuid_short(), utc_timestamp(), utc_timestamp(), 'AAA00513', 'SGTIN', @y, 'Item', 'cjn5te4to0001sbr9p7753lwp');
SET @x = uuid_short();
SET @y = uuid_short();
INSERT INTO item_statuses (cuid, created_at, updated_at, item_status_type_id, customer_id, item_id) VALUES (@x, utc_timestamp(), utc_timestamp(), '100328756316471296', 'cjn5te4to0001sbr9p7753lwp', @y);
INSERT INTO items (cuid, created_at, updated_at, cycle_count, product_id, customer_id, last_status_id) VALUES(@y, utc_timestamp(), utc_timestamp(), 0,'L5TekGzljFRpmnAuf', 'cjn5te4to0001sbr9p7753lwp', @x);
INSERT INTO r_f_i_d_tags (cuid, created_at, updated_at, epc, epc_type, identifiable_id, identifiable_type, customer_id) VALUES(uuid_short(), utc_timestamp(), utc_timestamp(), 'AAA00324', 'SGTIN', @y, 'Item', 'cjn5te4to0001sbr9p7753lwp');
SET @x = uuid_short();
SET @y = uuid_short();
INSERT INTO item_statuses (cuid, created_at, updated_at, item_status_type_id, customer_id, item_id) VALUES (@x, utc_timestamp(), utc_timestamp(), '100328756316471296', 'cjn5te4to0001sbr9p7753lwp', @y);
INSERT INTO items (cuid, created_at, updated_at, cycle_count, product_id, customer_id, last_status_id) VALUES(@y, utc_timestamp(), utc_timestamp(), 0,'L5TekGzljFRpmnAuf', 'cjn5te4to0001sbr9p7753lwp', @x);
INSERT INTO r_f_i_d_tags (cuid, created_at, updated_at, epc, epc_type, identifiable_id, identifiable_type, customer_id) VALUES(uuid_short(), utc_timestamp(), utc_timestamp(), 'AAA00508', 'SGTIN', @y, 'Item', 'cjn5te4to0001sbr9p7753lwp');
SET @x = uuid_short();
SET @y = uuid_short();
INSERT INTO item_statuses (cuid, created_at, updated_at, item_status_type_id, customer_id, item_id) VALUES (@x, utc_timestamp(), utc_timestamp(), '100328756316471296', 'cjn5te4to0001sbr9p7753lwp', @y);
INSERT INTO items (cuid, created_at, updated_at, cycle_count, product_id, customer_id, last_status_id) VALUES(@y, utc_timestamp(), utc_timestamp(), 0,'L5TekGzljFRpmnAuf', 'cjn5te4to0001sbr9p7753lwp', @x);
INSERT INTO r_f_i_d_tags (cuid, created_at, updated_at, epc, epc_type, identifiable_id, identifiable_type, customer_id) VALUES(uuid_short(), utc_timestamp(), utc_timestamp(), 'AAA00514', 'SGTIN', @y, 'Item', 'cjn5te4to0001sbr9p7753lwp');
SET @x = uuid_short();
SET @y = uuid_short();
INSERT INTO item_statuses (cuid, created_at, updated_at, item_status_type_id, customer_id, item_id) VALUES (@x, utc_timestamp(), utc_timestamp(), '100328756316471296', 'cjn5te4to0001sbr9p7753lwp', @y);
INSERT INTO items (cuid, created_at, updated_at, cycle_count, product_id, customer_id, last_status_id) VALUES(@y, utc_timestamp(), utc_timestamp(), 0,'L5TekGzljFRpmnAuf', 'cjn5te4to0001sbr9p7753lwp', @x);
INSERT INTO r_f_i_d_tags (cuid, created_at, updated_at, epc, epc_type, identifiable_id, identifiable_type, customer_id) VALUES(uuid_short(), utc_timestamp(), utc_timestamp(), 'AAA00506', 'SGTIN', @y, 'Item', 'cjn5te4to0001sbr9p7753lwp');
SET @x = uuid_short();
SET @y = uuid_short();
INSERT INTO item_statuses (cuid, created_at, updated_at, item_status_type_id, customer_id, item_id) VALUES (@x, utc_timestamp(), utc_timestamp(), '100328756316471296', 'cjn5te4to0001sbr9p7753lwp', @y);
INSERT INTO items (cuid, created_at, updated_at, cycle_count, product_id, customer_id, last_status_id) VALUES(@y, utc_timestamp(), utc_timestamp(), 0,'L5TekGzljFRpmnAuf', 'cjn5te4to0001sbr9p7753lwp', @x);
INSERT INTO r_f_i_d_tags (cuid, created_at, updated_at, epc, epc_type, identifiable_id, identifiable_type, customer_id) VALUES(uuid_short(), utc_timestamp(), utc_timestamp(), 'AAA00461', 'SGTIN', @y, 'Item', 'cjn5te4to0001sbr9p7753lwp');
SET @x = uuid_short();
SET @y = uuid_short();
INSERT INTO item_statuses (cuid, created_at, updated_at, item_status_type_id, customer_id, item_id) VALUES (@x, utc_timestamp(), utc_timestamp(), '100328756316471296', 'cjn5te4to0001sbr9p7753lwp', @y);
INSERT INTO items (cuid, created_at, updated_at, cycle_count, product_id, customer_id, last_status_id) VALUES(@y, utc_timestamp(), utc_timestamp(), 0,'L5TekGzljFRpmnAuf', 'cjn5te4to0001sbr9p7753lwp', @x);
INSERT INTO r_f_i_d_tags (cuid, created_at, updated_at, epc, epc_type, identifiable_id, identifiable_type, customer_id) VALUES(uuid_short(), utc_timestamp(), utc_timestamp(), 'AAA00431', 'SGTIN', @y, 'Item', 'cjn5te4to0001sbr9p7753lwp');
SET @x = uuid_short();
SET @y = uuid_short();
INSERT INTO item_statuses (cuid, created_at, updated_at, item_status_type_id, customer_id, item_id) VALUES (@x, utc_timestamp(), utc_timestamp(), '100328756316471296', 'cjn5te4to0001sbr9p7753lwp', @y);
INSERT INTO items (cuid, created_at, updated_at, cycle_count, product_id, customer_id, last_status_id) VALUES(@y, utc_timestamp(), utc_timestamp(), 0,'L5TekGzljFRpmnAuf', 'cjn5te4to0001sbr9p7753lwp', @x);
INSERT INTO r_f_i_d_tags (cuid, created_at, updated_at, epc, epc_type, identifiable_id, identifiable_type, customer_id) VALUES(uuid_short(), utc_timestamp(), utc_timestamp(), 'AAA00184', 'SGTIN', @y, 'Item', 'cjn5te4to0001sbr9p7753lwp');
SET FOREIGN_KEY_CHECKS=1;

SET FOREIGN_KEY_CHECKS=0;
SET @x = uuid_short();
SET @y = uuid_short();
INSERT INTO item_statuses (cuid, created_at, updated_at, item_status_type_id, customer_id, item_id) VALUES (@x, utc_timestamp(), utc_timestamp(), '100328756316471296', 'cjn5te4to0001sbr9p7753lwp', @y);
INSERT INTO items (cuid, created_at, updated_at, cycle_count, product_id, customer_id, last_status_id) VALUES(@y, utc_timestamp(), utc_timestamp(), 0,'XTKrF6RtJhifREPp6', 'cjn5te4to0001sbr9p7753lwp', @x);
INSERT INTO r_f_i_d_tags (cuid, created_at, updated_at, epc, epc_type, identifiable_id, identifiable_type, customer_id) VALUES(uuid_short(), utc_timestamp(), utc_timestamp(), 'AAA00281', 'SGTIN', @y, 'Item', 'cjn5te4to0001sbr9p7753lwp');
SET @x = uuid_short();
SET @y = uuid_short();
INSERT INTO item_statuses (cuid, created_at, updated_at, item_status_type_id, customer_id, item_id) VALUES (@x, utc_timestamp(), utc_timestamp(), '100328756316471296', 'cjn5te4to0001sbr9p7753lwp', @y);
INSERT INTO items (cuid, created_at, updated_at, cycle_count, product_id, customer_id, last_status_id) VALUES(@y, utc_timestamp(), utc_timestamp(), 0,'XTKrF6RtJhifREPp6', 'cjn5te4to0001sbr9p7753lwp', @x);
INSERT INTO r_f_i_d_tags (cuid, created_at, updated_at, epc, epc_type, identifiable_id, identifiable_type, customer_id) VALUES(uuid_short(), utc_timestamp(), utc_timestamp(), 'AAA00076', 'SGTIN', @y, 'Item', 'cjn5te4to0001sbr9p7753lwp');
SET @x = uuid_short();
SET @y = uuid_short();
INSERT INTO item_statuses (cuid, created_at, updated_at, item_status_type_id, customer_id, item_id) VALUES (@x, utc_timestamp(), utc_timestamp(), '100328756316471296', 'cjn5te4to0001sbr9p7753lwp', @y);
INSERT INTO items (cuid, created_at, updated_at, cycle_count, product_id, customer_id, last_status_id) VALUES(@y, utc_timestamp(), utc_timestamp(), 0,'XTKrF6RtJhifREPp6', 'cjn5te4to0001sbr9p7753lwp', @x);
INSERT INTO r_f_i_d_tags (cuid, created_at, updated_at, epc, epc_type, identifiable_id, identifiable_type, customer_id) VALUES(uuid_short(), utc_timestamp(), utc_timestamp(), 'AAA00471', 'SGTIN', @y, 'Item', 'cjn5te4to0001sbr9p7753lwp');
SET @x = uuid_short();
SET @y = uuid_short();
INSERT INTO item_statuses (cuid, created_at, updated_at, item_status_type_id, customer_id, item_id) VALUES (@x, utc_timestamp(), utc_timestamp(), '100328756316471296', 'cjn5te4to0001sbr9p7753lwp', @y);
INSERT INTO items (cuid, created_at, updated_at, cycle_count, product_id, customer_id, last_status_id) VALUES(@y, utc_timestamp(), utc_timestamp(), 0,'XTKrF6RtJhifREPp6', 'cjn5te4to0001sbr9p7753lwp', @x);
INSERT INTO r_f_i_d_tags (cuid, created_at, updated_at, epc, epc_type, identifiable_id, identifiable_type, customer_id) VALUES(uuid_short(), utc_timestamp(), utc_timestamp(), 'AAA00174', 'SGTIN', @y, 'Item', 'cjn5te4to0001sbr9p7753lwp');
SET @x = uuid_short();
SET @y = uuid_short();
INSERT INTO item_statuses (cuid, created_at, updated_at, item_status_type_id, customer_id, item_id) VALUES (@x, utc_timestamp(), utc_timestamp(), '100328756316471296', 'cjn5te4to0001sbr9p7753lwp', @y);
INSERT INTO items (cuid, created_at, updated_at, cycle_count, product_id, customer_id, last_status_id) VALUES(@y, utc_timestamp(), utc_timestamp(), 0,'XTKrF6RtJhifREPp6', 'cjn5te4to0001sbr9p7753lwp', @x);
INSERT INTO r_f_i_d_tags (cuid, created_at, updated_at, epc, epc_type, identifiable_id, identifiable_type, customer_id) VALUES(uuid_short(), utc_timestamp(), utc_timestamp(), 'AAA00481', 'SGTIN', @y, 'Item', 'cjn5te4to0001sbr9p7753lwp');
SET @x = uuid_short();
SET @y = uuid_short();
INSERT INTO item_statuses (cuid, created_at, updated_at, item_status_type_id, customer_id, item_id) VALUES (@x, utc_timestamp(), utc_timestamp(), '100328756316471296', 'cjn5te4to0001sbr9p7753lwp', @y);
INSERT INTO items (cuid, created_at, updated_at, cycle_count, product_id, customer_id, last_status_id) VALUES(@y, utc_timestamp(), utc_timestamp(), 0,'XTKrF6RtJhifREPp6', 'cjn5te4to0001sbr9p7753lwp', @x);
INSERT INTO r_f_i_d_tags (cuid, created_at, updated_at, epc, epc_type, identifiable_id, identifiable_type, customer_id) VALUES(uuid_short(), utc_timestamp(), utc_timestamp(), 'AAA00475', 'SGTIN', @y, 'Item', 'cjn5te4to0001sbr9p7753lwp');
SET @x = uuid_short();
SET @y = uuid_short();
INSERT INTO item_statuses (cuid, created_at, updated_at, item_status_type_id, customer_id, item_id) VALUES (@x, utc_timestamp(), utc_timestamp(), '100328756316471296', 'cjn5te4to0001sbr9p7753lwp', @y);
INSERT INTO items (cuid, created_at, updated_at, cycle_count, product_id, customer_id, last_status_id) VALUES(@y, utc_timestamp(), utc_timestamp(), 0,'XTKrF6RtJhifREPp6', 'cjn5te4to0001sbr9p7753lwp', @x);
INSERT INTO r_f_i_d_tags (cuid, created_at, updated_at, epc, epc_type, identifiable_id, identifiable_type, customer_id) VALUES(uuid_short(), utc_timestamp(), utc_timestamp(), 'AAA00123', 'SGTIN', @y, 'Item', 'cjn5te4to0001sbr9p7753lwp');
SET @x = uuid_short();
SET @y = uuid_short();
INSERT INTO item_statuses (cuid, created_at, updated_at, item_status_type_id, customer_id, item_id) VALUES (@x, utc_timestamp(), utc_timestamp(), '100328756316471296', 'cjn5te4to0001sbr9p7753lwp', @y);
INSERT INTO items (cuid, created_at, updated_at, cycle_count, product_id, customer_id, last_status_id) VALUES(@y, utc_timestamp(), utc_timestamp(), 0,'XTKrF6RtJhifREPp6', 'cjn5te4to0001sbr9p7753lwp', @x);
INSERT INTO r_f_i_d_tags (cuid, created_at, updated_at, epc, epc_type, identifiable_id, identifiable_type, customer_id) VALUES(uuid_short(), utc_timestamp(), utc_timestamp(), 'AAA00229', 'SGTIN', @y, 'Item', 'cjn5te4to0001sbr9p7753lwp');
SET @x = uuid_short();
SET @y = uuid_short();
INSERT INTO item_statuses (cuid, created_at, updated_at, item_status_type_id, customer_id, item_id) VALUES (@x, utc_timestamp(), utc_timestamp(), '100328756316471296', 'cjn5te4to0001sbr9p7753lwp', @y);
INSERT INTO items (cuid, created_at, updated_at, cycle_count, product_id, customer_id, last_status_id) VALUES(@y, utc_timestamp(), utc_timestamp(), 0,'XTKrF6RtJhifREPp6', 'cjn5te4to0001sbr9p7753lwp', @x);
INSERT INTO r_f_i_d_tags (cuid, created_at, updated_at, epc, epc_type, identifiable_id, identifiable_type, customer_id) VALUES(uuid_short(), utc_timestamp(), utc_timestamp(), 'AAA00191', 'SGTIN', @y, 'Item', 'cjn5te4to0001sbr9p7753lwp');
SET @x = uuid_short();
SET @y = uuid_short();
INSERT INTO item_statuses (cuid, created_at, updated_at, item_status_type_id, customer_id, item_id) VALUES (@x, utc_timestamp(), utc_timestamp(), '100328756316471296', 'cjn5te4to0001sbr9p7753lwp', @y);
INSERT INTO items (cuid, created_at, updated_at, cycle_count, product_id, customer_id, last_status_id) VALUES(@y, utc_timestamp(), utc_timestamp(), 0,'XTKrF6RtJhifREPp6', 'cjn5te4to0001sbr9p7753lwp', @x);
INSERT INTO r_f_i_d_tags (cuid, created_at, updated_at, epc, epc_type, identifiable_id, identifiable_type, customer_id) VALUES(uuid_short(), utc_timestamp(), utc_timestamp(), 'AAA00518', 'SGTIN', @y, 'Item', 'cjn5te4to0001sbr9p7753lwp');
SET @x = uuid_short();
SET @y = uuid_short();
INSERT INTO item_statuses (cuid, created_at, updated_at, item_status_type_id, customer_id, item_id) VALUES (@x, utc_timestamp(), utc_timestamp(), '100328756316471296', 'cjn5te4to0001sbr9p7753lwp', @y);
INSERT INTO items (cuid, created_at, updated_at, cycle_count, product_id, customer_id, last_status_id) VALUES(@y, utc_timestamp(), utc_timestamp(), 0,'XTKrF6RtJhifREPp6', 'cjn5te4to0001sbr9p7753lwp', @x);
INSERT INTO r_f_i_d_tags (cuid, created_at, updated_at, epc, epc_type, identifiable_id, identifiable_type, customer_id) VALUES(uuid_short(), utc_timestamp(), utc_timestamp(), 'AAA00351', 'SGTIN', @y, 'Item', 'cjn5te4to0001sbr9p7753lwp');
SET @x = uuid_short();
SET @y = uuid_short();
INSERT INTO item_statuses (cuid, created_at, updated_at, item_status_type_id, customer_id, item_id) VALUES (@x, utc_timestamp(), utc_timestamp(), '100328756316471296', 'cjn5te4to0001sbr9p7753lwp', @y);
INSERT INTO items (cuid, created_at, updated_at, cycle_count, product_id, customer_id, last_status_id) VALUES(@y, utc_timestamp(), utc_timestamp(), 0,'XTKrF6RtJhifREPp6', 'cjn5te4to0001sbr9p7753lwp', @x);
INSERT INTO r_f_i_d_tags (cuid, created_at, updated_at, epc, epc_type, identifiable_id, identifiable_type, customer_id) VALUES(uuid_short(), utc_timestamp(), utc_timestamp(), 'AAA00185', 'SGTIN', @y, 'Item', 'cjn5te4to0001sbr9p7753lwp');
SET @x = uuid_short();
SET @y = uuid_short();
INSERT INTO item_statuses (cuid, created_at, updated_at, item_status_type_id, customer_id, item_id) VALUES (@x, utc_timestamp(), utc_timestamp(), '100328756316471296', 'cjn5te4to0001sbr9p7753lwp', @y);
INSERT INTO items (cuid, created_at, updated_at, cycle_count, product_id, customer_id, last_status_id) VALUES(@y, utc_timestamp(), utc_timestamp(), 0,'XTKrF6RtJhifREPp6', 'cjn5te4to0001sbr9p7753lwp', @x);
INSERT INTO r_f_i_d_tags (cuid, created_at, updated_at, epc, epc_type, identifiable_id, identifiable_type, customer_id) VALUES(uuid_short(), utc_timestamp(), utc_timestamp(), 'AAA00133', 'SGTIN', @y, 'Item', 'cjn5te4to0001sbr9p7753lwp');
SET @x = uuid_short();
SET @y = uuid_short();
INSERT INTO item_statuses (cuid, created_at, updated_at, item_status_type_id, customer_id, item_id) VALUES (@x, utc_timestamp(), utc_timestamp(), '100328756316471296', 'cjn5te4to0001sbr9p7753lwp', @y);
INSERT INTO items (cuid, created_at, updated_at, cycle_count, product_id, customer_id, last_status_id) VALUES(@y, utc_timestamp(), utc_timestamp(), 0,'XTKrF6RtJhifREPp6', 'cjn5te4to0001sbr9p7753lwp', @x);
INSERT INTO r_f_i_d_tags (cuid, created_at, updated_at, epc, epc_type, identifiable_id, identifiable_type, customer_id) VALUES(uuid_short(), utc_timestamp(), utc_timestamp(), 'AAA00283', 'SGTIN', @y, 'Item', 'cjn5te4to0001sbr9p7753lwp');
SET @x = uuid_short();
SET @y = uuid_short();
INSERT INTO item_statuses (cuid, created_at, updated_at, item_status_type_id, customer_id, item_id) VALUES (@x, utc_timestamp(), utc_timestamp(), '100328756316471296', 'cjn5te4to0001sbr9p7753lwp', @y);
INSERT INTO items (cuid, created_at, updated_at, cycle_count, product_id, customer_id, last_status_id) VALUES(@y, utc_timestamp(), utc_timestamp(), 0,'XTKrF6RtJhifREPp6', 'cjn5te4to0001sbr9p7753lwp', @x);
INSERT INTO r_f_i_d_tags (cuid, created_at, updated_at, epc, epc_type, identifiable_id, identifiable_type, customer_id) VALUES(uuid_short(), utc_timestamp(), utc_timestamp(), 'AAA00004', 'SGTIN', @y, 'Item', 'cjn5te4to0001sbr9p7753lwp');
SET @x = uuid_short();
SET @y = uuid_short();
INSERT INTO item_statuses (cuid, created_at, updated_at, item_status_type_id, customer_id, item_id) VALUES (@x, utc_timestamp(), utc_timestamp(), '100328756316471296', 'cjn5te4to0001sbr9p7753lwp', @y);
INSERT INTO items (cuid, created_at, updated_at, cycle_count, product_id, customer_id, last_status_id) VALUES(@y, utc_timestamp(), utc_timestamp(), 0,'XTKrF6RtJhifREPp6', 'cjn5te4to0001sbr9p7753lwp', @x);
INSERT INTO r_f_i_d_tags (cuid, created_at, updated_at, epc, epc_type, identifiable_id, identifiable_type, customer_id) VALUES(uuid_short(), utc_timestamp(), utc_timestamp(), 'AAA00306', 'SGTIN', @y, 'Item', 'cjn5te4to0001sbr9p7753lwp');
SET @x = uuid_short();
SET @y = uuid_short();
INSERT INTO item_statuses (cuid, created_at, updated_at, item_status_type_id, customer_id, item_id) VALUES (@x, utc_timestamp(), utc_timestamp(), '100328756316471296', 'cjn5te4to0001sbr9p7753lwp', @y);
INSERT INTO items (cuid, created_at, updated_at, cycle_count, product_id, customer_id, last_status_id) VALUES(@y, utc_timestamp(), utc_timestamp(), 0,'XTKrF6RtJhifREPp6', 'cjn5te4to0001sbr9p7753lwp', @x);
INSERT INTO r_f_i_d_tags (cuid, created_at, updated_at, epc, epc_type, identifiable_id, identifiable_type, customer_id) VALUES(uuid_short(), utc_timestamp(), utc_timestamp(), 'AAA00512', 'SGTIN', @y, 'Item', 'cjn5te4to0001sbr9p7753lwp');
SET @x = uuid_short();
SET @y = uuid_short();
INSERT INTO item_statuses (cuid, created_at, updated_at, item_status_type_id, customer_id, item_id) VALUES (@x, utc_timestamp(), utc_timestamp(), '100328756316471296', 'cjn5te4to0001sbr9p7753lwp', @y);
INSERT INTO items (cuid, created_at, updated_at, cycle_count, product_id, customer_id, last_status_id) VALUES(@y, utc_timestamp(), utc_timestamp(), 0,'XTKrF6RtJhifREPp6', 'cjn5te4to0001sbr9p7753lwp', @x);
INSERT INTO r_f_i_d_tags (cuid, created_at, updated_at, epc, epc_type, identifiable_id, identifiable_type, customer_id) VALUES(uuid_short(), utc_timestamp(), utc_timestamp(), 'AAA00494', 'SGTIN', @y, 'Item', 'cjn5te4to0001sbr9p7753lwp');
SET @x = uuid_short();
SET @y = uuid_short();
INSERT INTO item_statuses (cuid, created_at, updated_at, item_status_type_id, customer_id, item_id) VALUES (@x, utc_timestamp(), utc_timestamp(), '100328756316471296', 'cjn5te4to0001sbr9p7753lwp', @y);
INSERT INTO items (cuid, created_at, updated_at, cycle_count, product_id, customer_id, last_status_id) VALUES(@y, utc_timestamp(), utc_timestamp(), 0,'XTKrF6RtJhifREPp6', 'cjn5te4to0001sbr9p7753lwp', @x);
INSERT INTO r_f_i_d_tags (cuid, created_at, updated_at, epc, epc_type, identifiable_id, identifiable_type, customer_id) VALUES(uuid_short(), utc_timestamp(), utc_timestamp(), 'AAA00407', 'SGTIN', @y, 'Item', 'cjn5te4to0001sbr9p7753lwp');
SET @x = uuid_short();
SET @y = uuid_short();
INSERT INTO item_statuses (cuid, created_at, updated_at, item_status_type_id, customer_id, item_id) VALUES (@x, utc_timestamp(), utc_timestamp(), '100328756316471296', 'cjn5te4to0001sbr9p7753lwp', @y);
INSERT INTO items (cuid, created_at, updated_at, cycle_count, product_id, customer_id, last_status_id) VALUES(@y, utc_timestamp(), utc_timestamp(), 0,'XTKrF6RtJhifREPp6', 'cjn5te4to0001sbr9p7753lwp', @x);
INSERT INTO r_f_i_d_tags (cuid, created_at, updated_at, epc, epc_type, identifiable_id, identifiable_type, customer_id) VALUES(uuid_short(), utc_timestamp(), utc_timestamp(), 'AAA00232', 'SGTIN', @y, 'Item', 'cjn5te4to0001sbr9p7753lwp');
SET @x = uuid_short();
SET @y = uuid_short();
INSERT INTO item_statuses (cuid, created_at, updated_at, item_status_type_id, customer_id, item_id) VALUES (@x, utc_timestamp(), utc_timestamp(), '100328756316471296', 'cjn5te4to0001sbr9p7753lwp', @y);
INSERT INTO items (cuid, created_at, updated_at, cycle_count, product_id, customer_id, last_status_id) VALUES(@y, utc_timestamp(), utc_timestamp(), 0,'XTKrF6RtJhifREPp6', 'cjn5te4to0001sbr9p7753lwp', @x);
INSERT INTO r_f_i_d_tags (cuid, created_at, updated_at, epc, epc_type, identifiable_id, identifiable_type, customer_id) VALUES(uuid_short(), utc_timestamp(), utc_timestamp(), 'AAA00031', 'SGTIN', @y, 'Item', 'cjn5te4to0001sbr9p7753lwp');
SET @x = uuid_short();
SET @y = uuid_short();
INSERT INTO item_statuses (cuid, created_at, updated_at, item_status_type_id, customer_id, item_id) VALUES (@x, utc_timestamp(), utc_timestamp(), '100328756316471296', 'cjn5te4to0001sbr9p7753lwp', @y);
INSERT INTO items (cuid, created_at, updated_at, cycle_count, product_id, customer_id, last_status_id) VALUES(@y, utc_timestamp(), utc_timestamp(), 0,'XTKrF6RtJhifREPp6', 'cjn5te4to0001sbr9p7753lwp', @x);
INSERT INTO r_f_i_d_tags (cuid, created_at, updated_at, epc, epc_type, identifiable_id, identifiable_type, customer_id) VALUES(uuid_short(), utc_timestamp(), utc_timestamp(), 'AAA00087', 'SGTIN', @y, 'Item', 'cjn5te4to0001sbr9p7753lwp');
SET @x = uuid_short();
SET @y = uuid_short();
INSERT INTO item_statuses (cuid, created_at, updated_at, item_status_type_id, customer_id, item_id) VALUES (@x, utc_timestamp(), utc_timestamp(), '100328756316471296', 'cjn5te4to0001sbr9p7753lwp', @y);
INSERT INTO items (cuid, created_at, updated_at, cycle_count, product_id, customer_id, last_status_id) VALUES(@y, utc_timestamp(), utc_timestamp(), 0,'XTKrF6RtJhifREPp6', 'cjn5te4to0001sbr9p7753lwp', @x);
INSERT INTO r_f_i_d_tags (cuid, created_at, updated_at, epc, epc_type, identifiable_id, identifiable_type, customer_id) VALUES(uuid_short(), utc_timestamp(), utc_timestamp(), 'AAA00278', 'SGTIN', @y, 'Item', 'cjn5te4to0001sbr9p7753lwp');
SET @x = uuid_short();
SET @y = uuid_short();
INSERT INTO item_statuses (cuid, created_at, updated_at, item_status_type_id, customer_id, item_id) VALUES (@x, utc_timestamp(), utc_timestamp(), '100328756316471296', 'cjn5te4to0001sbr9p7753lwp', @y);
INSERT INTO items (cuid, created_at, updated_at, cycle_count, product_id, customer_id, last_status_id) VALUES(@y, utc_timestamp(), utc_timestamp(), 0,'XTKrF6RtJhifREPp6', 'cjn5te4to0001sbr9p7753lwp', @x);
INSERT INTO r_f_i_d_tags (cuid, created_at, updated_at, epc, epc_type, identifiable_id, identifiable_type, customer_id) VALUES(uuid_short(), utc_timestamp(), utc_timestamp(), 'AAA00188', 'SGTIN', @y, 'Item', 'cjn5te4to0001sbr9p7753lwp');
SET @x = uuid_short();
SET @y = uuid_short();
INSERT INTO item_statuses (cuid, created_at, updated_at, item_status_type_id, customer_id, item_id) VALUES (@x, utc_timestamp(), utc_timestamp(), '100328756316471296', 'cjn5te4to0001sbr9p7753lwp', @y);
INSERT INTO items (cuid, created_at, updated_at, cycle_count, product_id, customer_id, last_status_id) VALUES(@y, utc_timestamp(), utc_timestamp(), 0,'XTKrF6RtJhifREPp6', 'cjn5te4to0001sbr9p7753lwp', @x);
INSERT INTO r_f_i_d_tags (cuid, created_at, updated_at, epc, epc_type, identifiable_id, identifiable_type, customer_id) VALUES(uuid_short(), utc_timestamp(), utc_timestamp(), 'AAA00244', 'SGTIN', @y, 'Item', 'cjn5te4to0001sbr9p7753lwp');
SET @x = uuid_short();
SET @y = uuid_short();
INSERT INTO item_statuses (cuid, created_at, updated_at, item_status_type_id, customer_id, item_id) VALUES (@x, utc_timestamp(), utc_timestamp(), '100328756316471296', 'cjn5te4to0001sbr9p7753lwp', @y);
INSERT INTO items (cuid, created_at, updated_at, cycle_count, product_id, customer_id, last_status_id) VALUES(@y, utc_timestamp(), utc_timestamp(), 0,'XTKrF6RtJhifREPp6', 'cjn5te4to0001sbr9p7753lwp', @x);
INSERT INTO r_f_i_d_tags (cuid, created_at, updated_at, epc, epc_type, identifiable_id, identifiable_type, customer_id) VALUES(uuid_short(), utc_timestamp(), utc_timestamp(), 'AAA00241', 'SGTIN', @y, 'Item', 'cjn5te4to0001sbr9p7753lwp');
SET @x = uuid_short();
SET @y = uuid_short();
INSERT INTO item_statuses (cuid, created_at, updated_at, item_status_type_id, customer_id, item_id) VALUES (@x, utc_timestamp(), utc_timestamp(), '100328756316471296', 'cjn5te4to0001sbr9p7753lwp', @y);
INSERT INTO items (cuid, created_at, updated_at, cycle_count, product_id, customer_id, last_status_id) VALUES(@y, utc_timestamp(), utc_timestamp(), 0,'XTKrF6RtJhifREPp6', 'cjn5te4to0001sbr9p7753lwp', @x);
INSERT INTO r_f_i_d_tags (cuid, created_at, updated_at, epc, epc_type, identifiable_id, identifiable_type, customer_id) VALUES(uuid_short(), utc_timestamp(), utc_timestamp(), 'AAA00267', 'SGTIN', @y, 'Item', 'cjn5te4to0001sbr9p7753lwp');
SET @x = uuid_short();
SET @y = uuid_short();
INSERT INTO item_statuses (cuid, created_at, updated_at, item_status_type_id, customer_id, item_id) VALUES (@x, utc_timestamp(), utc_timestamp(), '100328756316471296', 'cjn5te4to0001sbr9p7753lwp', @y);
INSERT INTO items (cuid, created_at, updated_at, cycle_count, product_id, customer_id, last_status_id) VALUES(@y, utc_timestamp(), utc_timestamp(), 0,'XTKrF6RtJhifREPp6', 'cjn5te4to0001sbr9p7753lwp', @x);
INSERT INTO r_f_i_d_tags (cuid, created_at, updated_at, epc, epc_type, identifiable_id, identifiable_type, customer_id) VALUES(uuid_short(), utc_timestamp(), utc_timestamp(), 'AAA00101', 'SGTIN', @y, 'Item', 'cjn5te4to0001sbr9p7753lwp');
SET @x = uuid_short();
SET @y = uuid_short();
INSERT INTO item_statuses (cuid, created_at, updated_at, item_status_type_id, customer_id, item_id) VALUES (@x, utc_timestamp(), utc_timestamp(), '100328756316471296', 'cjn5te4to0001sbr9p7753lwp', @y);
INSERT INTO items (cuid, created_at, updated_at, cycle_count, product_id, customer_id, last_status_id) VALUES(@y, utc_timestamp(), utc_timestamp(), 0,'XTKrF6RtJhifREPp6', 'cjn5te4to0001sbr9p7753lwp', @x);
INSERT INTO r_f_i_d_tags (cuid, created_at, updated_at, epc, epc_type, identifiable_id, identifiable_type, customer_id) VALUES(uuid_short(), utc_timestamp(), utc_timestamp(), 'AAA00108', 'SGTIN', @y, 'Item', 'cjn5te4to0001sbr9p7753lwp');
SET @x = uuid_short();
SET @y = uuid_short();
INSERT INTO item_statuses (cuid, created_at, updated_at, item_status_type_id, customer_id, item_id) VALUES (@x, utc_timestamp(), utc_timestamp(), '100328756316471296', 'cjn5te4to0001sbr9p7753lwp', @y);
INSERT INTO items (cuid, created_at, updated_at, cycle_count, product_id, customer_id, last_status_id) VALUES(@y, utc_timestamp(), utc_timestamp(), 0,'XTKrF6RtJhifREPp6', 'cjn5te4to0001sbr9p7753lwp', @x);
INSERT INTO r_f_i_d_tags (cuid, created_at, updated_at, epc, epc_type, identifiable_id, identifiable_type, customer_id) VALUES(uuid_short(), utc_timestamp(), utc_timestamp(), 'AAA00466', 'SGTIN', @y, 'Item', 'cjn5te4to0001sbr9p7753lwp');
SET @x = uuid_short();
SET @y = uuid_short();
INSERT INTO item_statuses (cuid, created_at, updated_at, item_status_type_id, customer_id, item_id) VALUES (@x, utc_timestamp(), utc_timestamp(), '100328756316471296', 'cjn5te4to0001sbr9p7753lwp', @y);
INSERT INTO items (cuid, created_at, updated_at, cycle_count, product_id, customer_id, last_status_id) VALUES(@y, utc_timestamp(), utc_timestamp(), 0,'XTKrF6RtJhifREPp6', 'cjn5te4to0001sbr9p7753lwp', @x);
INSERT INTO r_f_i_d_tags (cuid, created_at, updated_at, epc, epc_type, identifiable_id, identifiable_type, customer_id) VALUES(uuid_short(), utc_timestamp(), utc_timestamp(), 'AAA00263', 'SGTIN', @y, 'Item', 'cjn5te4to0001sbr9p7753lwp');
SET @x = uuid_short();
SET @y = uuid_short();
INSERT INTO item_statuses (cuid, created_at, updated_at, item_status_type_id, customer_id, item_id) VALUES (@x, utc_timestamp(), utc_timestamp(), '100328756316471296', 'cjn5te4to0001sbr9p7753lwp', @y);
INSERT INTO items (cuid, created_at, updated_at, cycle_count, product_id, customer_id, last_status_id) VALUES(@y, utc_timestamp(), utc_timestamp(), 0,'XTKrF6RtJhifREPp6', 'cjn5te4to0001sbr9p7753lwp', @x);
INSERT INTO r_f_i_d_tags (cuid, created_at, updated_at, epc, epc_type, identifiable_id, identifiable_type, customer_id) VALUES(uuid_short(), utc_timestamp(), utc_timestamp(), 'AAA00254', 'SGTIN', @y, 'Item', 'cjn5te4to0001sbr9p7753lwp');
SET @x = uuid_short();
SET @y = uuid_short();
INSERT INTO item_statuses (cuid, created_at, updated_at, item_status_type_id, customer_id, item_id) VALUES (@x, utc_timestamp(), utc_timestamp(), '100328756316471296', 'cjn5te4to0001sbr9p7753lwp', @y);
INSERT INTO items (cuid, created_at, updated_at, cycle_count, product_id, customer_id, last_status_id) VALUES(@y, utc_timestamp(), utc_timestamp(), 0,'XTKrF6RtJhifREPp6', 'cjn5te4to0001sbr9p7753lwp', @x);
INSERT INTO r_f_i_d_tags (cuid, created_at, updated_at, epc, epc_type, identifiable_id, identifiable_type, customer_id) VALUES(uuid_short(), utc_timestamp(), utc_timestamp(), 'AAA00129', 'SGTIN', @y, 'Item', 'cjn5te4to0001sbr9p7753lwp');
SET @x = uuid_short();
SET @y = uuid_short();
INSERT INTO item_statuses (cuid, created_at, updated_at, item_status_type_id, customer_id, item_id) VALUES (@x, utc_timestamp(), utc_timestamp(), '100328756316471296', 'cjn5te4to0001sbr9p7753lwp', @y);
INSERT INTO items (cuid, created_at, updated_at, cycle_count, product_id, customer_id, last_status_id) VALUES(@y, utc_timestamp(), utc_timestamp(), 0,'XTKrF6RtJhifREPp6', 'cjn5te4to0001sbr9p7753lwp', @x);
INSERT INTO r_f_i_d_tags (cuid, created_at, updated_at, epc, epc_type, identifiable_id, identifiable_type, customer_id) VALUES(uuid_short(), utc_timestamp(), utc_timestamp(), 'AAA00501', 'SGTIN', @y, 'Item', 'cjn5te4to0001sbr9p7753lwp');
SET @x = uuid_short();
SET @y = uuid_short();
INSERT INTO item_statuses (cuid, created_at, updated_at, item_status_type_id, customer_id, item_id) VALUES (@x, utc_timestamp(), utc_timestamp(), '100328756316471296', 'cjn5te4to0001sbr9p7753lwp', @y);
INSERT INTO items (cuid, created_at, updated_at, cycle_count, product_id, customer_id, last_status_id) VALUES(@y, utc_timestamp(), utc_timestamp(), 0,'XTKrF6RtJhifREPp6', 'cjn5te4to0001sbr9p7753lwp', @x);
INSERT INTO r_f_i_d_tags (cuid, created_at, updated_at, epc, epc_type, identifiable_id, identifiable_type, customer_id) VALUES(uuid_short(), utc_timestamp(), utc_timestamp(), 'AAA00515', 'SGTIN', @y, 'Item', 'cjn5te4to0001sbr9p7753lwp');
SET @x = uuid_short();
SET @y = uuid_short();
INSERT INTO item_statuses (cuid, created_at, updated_at, item_status_type_id, customer_id, item_id) VALUES (@x, utc_timestamp(), utc_timestamp(), '100328756316471296', 'cjn5te4to0001sbr9p7753lwp', @y);
INSERT INTO items (cuid, created_at, updated_at, cycle_count, product_id, customer_id, last_status_id) VALUES(@y, utc_timestamp(), utc_timestamp(), 0,'XTKrF6RtJhifREPp6', 'cjn5te4to0001sbr9p7753lwp', @x);
INSERT INTO r_f_i_d_tags (cuid, created_at, updated_at, epc, epc_type, identifiable_id, identifiable_type, customer_id) VALUES(uuid_short(), utc_timestamp(), utc_timestamp(), 'AAA00504', 'SGTIN', @y, 'Item', 'cjn5te4to0001sbr9p7753lwp');
SET @x = uuid_short();
SET @y = uuid_short();
INSERT INTO item_statuses (cuid, created_at, updated_at, item_status_type_id, customer_id, item_id) VALUES (@x, utc_timestamp(), utc_timestamp(), '100328756316471296', 'cjn5te4to0001sbr9p7753lwp', @y);
INSERT INTO items (cuid, created_at, updated_at, cycle_count, product_id, customer_id, last_status_id) VALUES(@y, utc_timestamp(), utc_timestamp(), 0,'XTKrF6RtJhifREPp6', 'cjn5te4to0001sbr9p7753lwp', @x);
INSERT INTO r_f_i_d_tags (cuid, created_at, updated_at, epc, epc_type, identifiable_id, identifiable_type, customer_id) VALUES(uuid_short(), utc_timestamp(), utc_timestamp(), 'AAA00340', 'SGTIN', @y, 'Item', 'cjn5te4to0001sbr9p7753lwp');
SET @x = uuid_short();
SET @y = uuid_short();
INSERT INTO item_statuses (cuid, created_at, updated_at, item_status_type_id, customer_id, item_id) VALUES (@x, utc_timestamp(), utc_timestamp(), '100328756316471296', 'cjn5te4to0001sbr9p7753lwp', @y);
INSERT INTO items (cuid, created_at, updated_at, cycle_count, product_id, customer_id, last_status_id) VALUES(@y, utc_timestamp(), utc_timestamp(), 0,'XTKrF6RtJhifREPp6', 'cjn5te4to0001sbr9p7753lwp', @x);
INSERT INTO r_f_i_d_tags (cuid, created_at, updated_at, epc, epc_type, identifiable_id, identifiable_type, customer_id) VALUES(uuid_short(), utc_timestamp(), utc_timestamp(), 'AAA00028', 'SGTIN', @y, 'Item', 'cjn5te4to0001sbr9p7753lwp');
SET @x = uuid_short();
SET @y = uuid_short();
INSERT INTO item_statuses (cuid, created_at, updated_at, item_status_type_id, customer_id, item_id) VALUES (@x, utc_timestamp(), utc_timestamp(), '100328756316471296', 'cjn5te4to0001sbr9p7753lwp', @y);
INSERT INTO items (cuid, created_at, updated_at, cycle_count, product_id, customer_id, last_status_id) VALUES(@y, utc_timestamp(), utc_timestamp(), 0,'XTKrF6RtJhifREPp6', 'cjn5te4to0001sbr9p7753lwp', @x);
INSERT INTO r_f_i_d_tags (cuid, created_at, updated_at, epc, epc_type, identifiable_id, identifiable_type, customer_id) VALUES(uuid_short(), utc_timestamp(), utc_timestamp(), 'AAA00421', 'SGTIN', @y, 'Item', 'cjn5te4to0001sbr9p7753lwp');
SET @x = uuid_short();
SET @y = uuid_short();
INSERT INTO item_statuses (cuid, created_at, updated_at, item_status_type_id, customer_id, item_id) VALUES (@x, utc_timestamp(), utc_timestamp(), '100328756316471296', 'cjn5te4to0001sbr9p7753lwp', @y);
INSERT INTO items (cuid, created_at, updated_at, cycle_count, product_id, customer_id, last_status_id) VALUES(@y, utc_timestamp(), utc_timestamp(), 0,'XTKrF6RtJhifREPp6', 'cjn5te4to0001sbr9p7753lwp', @x);
INSERT INTO r_f_i_d_tags (cuid, created_at, updated_at, epc, epc_type, identifiable_id, identifiable_type, customer_id) VALUES(uuid_short(), utc_timestamp(), utc_timestamp(), 'AAA00392', 'SGTIN', @y, 'Item', 'cjn5te4to0001sbr9p7753lwp');
SET @x = uuid_short();
SET @y = uuid_short();
INSERT INTO item_statuses (cuid, created_at, updated_at, item_status_type_id, customer_id, item_id) VALUES (@x, utc_timestamp(), utc_timestamp(), '100328756316471296', 'cjn5te4to0001sbr9p7753lwp', @y);
INSERT INTO items (cuid, created_at, updated_at, cycle_count, product_id, customer_id, last_status_id) VALUES(@y, utc_timestamp(), utc_timestamp(), 0,'XTKrF6RtJhifREPp6', 'cjn5te4to0001sbr9p7753lwp', @x);
INSERT INTO r_f_i_d_tags (cuid, created_at, updated_at, epc, epc_type, identifiable_id, identifiable_type, customer_id) VALUES(uuid_short(), utc_timestamp(), utc_timestamp(), 'AAA00458', 'SGTIN', @y, 'Item', 'cjn5te4to0001sbr9p7753lwp');
SET @x = uuid_short();
SET @y = uuid_short();
INSERT INTO item_statuses (cuid, created_at, updated_at, item_status_type_id, customer_id, item_id) VALUES (@x, utc_timestamp(), utc_timestamp(), '100328756316471296', 'cjn5te4to0001sbr9p7753lwp', @y);
INSERT INTO items (cuid, created_at, updated_at, cycle_count, product_id, customer_id, last_status_id) VALUES(@y, utc_timestamp(), utc_timestamp(), 0,'XTKrF6RtJhifREPp6', 'cjn5te4to0001sbr9p7753lwp', @x);
INSERT INTO r_f_i_d_tags (cuid, created_at, updated_at, epc, epc_type, identifiable_id, identifiable_type, customer_id) VALUES(uuid_short(), utc_timestamp(), utc_timestamp(), 'AAA00142', 'SGTIN', @y, 'Item', 'cjn5te4to0001sbr9p7753lwp');
SET @x = uuid_short();
SET @y = uuid_short();
INSERT INTO item_statuses (cuid, created_at, updated_at, item_status_type_id, customer_id, item_id) VALUES (@x, utc_timestamp(), utc_timestamp(), '100328756316471296', 'cjn5te4to0001sbr9p7753lwp', @y);
INSERT INTO items (cuid, created_at, updated_at, cycle_count, product_id, customer_id, last_status_id) VALUES(@y, utc_timestamp(), utc_timestamp(), 0,'XTKrF6RtJhifREPp6', 'cjn5te4to0001sbr9p7753lwp', @x);
INSERT INTO r_f_i_d_tags (cuid, created_at, updated_at, epc, epc_type, identifiable_id, identifiable_type, customer_id) VALUES(uuid_short(), utc_timestamp(), utc_timestamp(), 'AAA00519', 'SGTIN', @y, 'Item', 'cjn5te4to0001sbr9p7753lwp');
SET @x = uuid_short();
SET @y = uuid_short();
INSERT INTO item_statuses (cuid, created_at, updated_at, item_status_type_id, customer_id, item_id) VALUES (@x, utc_timestamp(), utc_timestamp(), '100328756316471296', 'cjn5te4to0001sbr9p7753lwp', @y);
INSERT INTO items (cuid, created_at, updated_at, cycle_count, product_id, customer_id, last_status_id) VALUES(@y, utc_timestamp(), utc_timestamp(), 0,'XTKrF6RtJhifREPp6', 'cjn5te4to0001sbr9p7753lwp', @x);
INSERT INTO r_f_i_d_tags (cuid, created_at, updated_at, epc, epc_type, identifiable_id, identifiable_type, customer_id) VALUES(uuid_short(), utc_timestamp(), utc_timestamp(), 'AAA00520', 'SGTIN', @y, 'Item', 'cjn5te4to0001sbr9p7753lwp');
SET @x = uuid_short();
SET @y = uuid_short();
INSERT INTO item_statuses (cuid, created_at, updated_at, item_status_type_id, customer_id, item_id) VALUES (@x, utc_timestamp(), utc_timestamp(), '100328756316471296', 'cjn5te4to0001sbr9p7753lwp', @y);
INSERT INTO items (cuid, created_at, updated_at, cycle_count, product_id, customer_id, last_status_id) VALUES(@y, utc_timestamp(), utc_timestamp(), 0,'XTKrF6RtJhifREPp6', 'cjn5te4to0001sbr9p7753lwp', @x);
INSERT INTO r_f_i_d_tags (cuid, created_at, updated_at, epc, epc_type, identifiable_id, identifiable_type, customer_id) VALUES(uuid_short(), utc_timestamp(), utc_timestamp(), 'AAA00269', 'SGTIN', @y, 'Item', 'cjn5te4to0001sbr9p7753lwp');
SET @x = uuid_short();
SET @y = uuid_short();
INSERT INTO item_statuses (cuid, created_at, updated_at, item_status_type_id, customer_id, item_id) VALUES (@x, utc_timestamp(), utc_timestamp(), '100328756316471296', 'cjn5te4to0001sbr9p7753lwp', @y);
INSERT INTO items (cuid, created_at, updated_at, cycle_count, product_id, customer_id, last_status_id) VALUES(@y, utc_timestamp(), utc_timestamp(), 0,'XTKrF6RtJhifREPp6', 'cjn5te4to0001sbr9p7753lwp', @x);
INSERT INTO r_f_i_d_tags (cuid, created_at, updated_at, epc, epc_type, identifiable_id, identifiable_type, customer_id) VALUES(uuid_short(), utc_timestamp(), utc_timestamp(), 'AAA00368', 'SGTIN', @y, 'Item', 'cjn5te4to0001sbr9p7753lwp');
SET @x = uuid_short();
SET @y = uuid_short();
INSERT INTO item_statuses (cuid, created_at, updated_at, item_status_type_id, customer_id, item_id) VALUES (@x, utc_timestamp(), utc_timestamp(), '100328756316471296', 'cjn5te4to0001sbr9p7753lwp', @y);
INSERT INTO items (cuid, created_at, updated_at, cycle_count, product_id, customer_id, last_status_id) VALUES(@y, utc_timestamp(), utc_timestamp(), 0,'XTKrF6RtJhifREPp6', 'cjn5te4to0001sbr9p7753lwp', @x);
INSERT INTO r_f_i_d_tags (cuid, created_at, updated_at, epc, epc_type, identifiable_id, identifiable_type, customer_id) VALUES(uuid_short(), utc_timestamp(), utc_timestamp(), 'AAA00256', 'SGTIN', @y, 'Item', 'cjn5te4to0001sbr9p7753lwp');
SET @x = uuid_short();
SET @y = uuid_short();
INSERT INTO item_statuses (cuid, created_at, updated_at, item_status_type_id, customer_id, item_id) VALUES (@x, utc_timestamp(), utc_timestamp(), '100328756316471296', 'cjn5te4to0001sbr9p7753lwp', @y);
INSERT INTO items (cuid, created_at, updated_at, cycle_count, product_id, customer_id, last_status_id) VALUES(@y, utc_timestamp(), utc_timestamp(), 0,'XTKrF6RtJhifREPp6', 'cjn5te4to0001sbr9p7753lwp', @x);
INSERT INTO r_f_i_d_tags (cuid, created_at, updated_at, epc, epc_type, identifiable_id, identifiable_type, customer_id) VALUES(uuid_short(), utc_timestamp(), utc_timestamp(), 'AAA00394', 'SGTIN', @y, 'Item', 'cjn5te4to0001sbr9p7753lwp');
SET @x = uuid_short();
SET @y = uuid_short();
INSERT INTO item_statuses (cuid, created_at, updated_at, item_status_type_id, customer_id, item_id) VALUES (@x, utc_timestamp(), utc_timestamp(), '100328756316471296', 'cjn5te4to0001sbr9p7753lwp', @y);
INSERT INTO items (cuid, created_at, updated_at, cycle_count, product_id, customer_id, last_status_id) VALUES(@y, utc_timestamp(), utc_timestamp(), 0,'XTKrF6RtJhifREPp6', 'cjn5te4to0001sbr9p7753lwp', @x);
INSERT INTO r_f_i_d_tags (cuid, created_at, updated_at, epc, epc_type, identifiable_id, identifiable_type, customer_id) VALUES(uuid_short(), utc_timestamp(), utc_timestamp(), 'AAA00410', 'SGTIN', @y, 'Item', 'cjn5te4to0001sbr9p7753lwp');
SET @x = uuid_short();
SET @y = uuid_short();
INSERT INTO item_statuses (cuid, created_at, updated_at, item_status_type_id, customer_id, item_id) VALUES (@x, utc_timestamp(), utc_timestamp(), '100328756316471296', 'cjn5te4to0001sbr9p7753lwp', @y);
INSERT INTO items (cuid, created_at, updated_at, cycle_count, product_id, customer_id, last_status_id) VALUES(@y, utc_timestamp(), utc_timestamp(), 0,'XTKrF6RtJhifREPp6', 'cjn5te4to0001sbr9p7753lwp', @x);
INSERT INTO r_f_i_d_tags (cuid, created_at, updated_at, epc, epc_type, identifiable_id, identifiable_type, customer_id) VALUES(uuid_short(), utc_timestamp(), utc_timestamp(), 'AAA00274', 'SGTIN', @y, 'Item', 'cjn5te4to0001sbr9p7753lwp');
SET @x = uuid_short();
SET @y = uuid_short();
INSERT INTO item_statuses (cuid, created_at, updated_at, item_status_type_id, customer_id, item_id) VALUES (@x, utc_timestamp(), utc_timestamp(), '100328756316471296', 'cjn5te4to0001sbr9p7753lwp', @y);
INSERT INTO items (cuid, created_at, updated_at, cycle_count, product_id, customer_id, last_status_id) VALUES(@y, utc_timestamp(), utc_timestamp(), 0,'XTKrF6RtJhifREPp6', 'cjn5te4to0001sbr9p7753lwp', @x);
INSERT INTO r_f_i_d_tags (cuid, created_at, updated_at, epc, epc_type, identifiable_id, identifiable_type, customer_id) VALUES(uuid_short(), utc_timestamp(), utc_timestamp(), 'AAA00024', 'SGTIN', @y, 'Item', 'cjn5te4to0001sbr9p7753lwp');
SET @x = uuid_short();
SET @y = uuid_short();
INSERT INTO item_statuses (cuid, created_at, updated_at, item_status_type_id, customer_id, item_id) VALUES (@x, utc_timestamp(), utc_timestamp(), '100328756316471296', 'cjn5te4to0001sbr9p7753lwp', @y);
INSERT INTO items (cuid, created_at, updated_at, cycle_count, product_id, customer_id, last_status_id) VALUES(@y, utc_timestamp(), utc_timestamp(), 0,'XTKrF6RtJhifREPp6', 'cjn5te4to0001sbr9p7753lwp', @x);
INSERT INTO r_f_i_d_tags (cuid, created_at, updated_at, epc, epc_type, identifiable_id, identifiable_type, customer_id) VALUES(uuid_short(), utc_timestamp(), utc_timestamp(), 'AAA00026', 'SGTIN', @y, 'Item', 'cjn5te4to0001sbr9p7753lwp');
SET @x = uuid_short();
SET @y = uuid_short();
INSERT INTO item_statuses (cuid, created_at, updated_at, item_status_type_id, customer_id, item_id) VALUES (@x, utc_timestamp(), utc_timestamp(), '100328756316471296', 'cjn5te4to0001sbr9p7753lwp', @y);
INSERT INTO items (cuid, created_at, updated_at, cycle_count, product_id, customer_id, last_status_id) VALUES(@y, utc_timestamp(), utc_timestamp(), 0,'XTKrF6RtJhifREPp6', 'cjn5te4to0001sbr9p7753lwp', @x);
INSERT INTO r_f_i_d_tags (cuid, created_at, updated_at, epc, epc_type, identifiable_id, identifiable_type, customer_id) VALUES(uuid_short(), utc_timestamp(), utc_timestamp(), 'AAA00424', 'SGTIN', @y, 'Item', 'cjn5te4to0001sbr9p7753lwp');
SET @x = uuid_short();
SET @y = uuid_short();
INSERT INTO item_statuses (cuid, created_at, updated_at, item_status_type_id, customer_id, item_id) VALUES (@x, utc_timestamp(), utc_timestamp(), '100328756316471296', 'cjn5te4to0001sbr9p7753lwp', @y);
INSERT INTO items (cuid, created_at, updated_at, cycle_count, product_id, customer_id, last_status_id) VALUES(@y, utc_timestamp(), utc_timestamp(), 0,'XTKrF6RtJhifREPp6', 'cjn5te4to0001sbr9p7753lwp', @x);
INSERT INTO r_f_i_d_tags (cuid, created_at, updated_at, epc, epc_type, identifiable_id, identifiable_type, customer_id) VALUES(uuid_short(), utc_timestamp(), utc_timestamp(), 'AAA00050', 'SGTIN', @y, 'Item', 'cjn5te4to0001sbr9p7753lwp');
SET @x = uuid_short();
SET @y = uuid_short();
INSERT INTO item_statuses (cuid, created_at, updated_at, item_status_type_id, customer_id, item_id) VALUES (@x, utc_timestamp(), utc_timestamp(), '100328756316471296', 'cjn5te4to0001sbr9p7753lwp', @y);
INSERT INTO items (cuid, created_at, updated_at, cycle_count, product_id, customer_id, last_status_id) VALUES(@y, utc_timestamp(), utc_timestamp(), 0,'XTKrF6RtJhifREPp6', 'cjn5te4to0001sbr9p7753lwp', @x);
INSERT INTO r_f_i_d_tags (cuid, created_at, updated_at, epc, epc_type, identifiable_id, identifiable_type, customer_id) VALUES(uuid_short(), utc_timestamp(), utc_timestamp(), 'AAA00298', 'SGTIN', @y, 'Item', 'cjn5te4to0001sbr9p7753lwp');
SET @x = uuid_short();
SET @y = uuid_short();
INSERT INTO item_statuses (cuid, created_at, updated_at, item_status_type_id, customer_id, item_id) VALUES (@x, utc_timestamp(), utc_timestamp(), '100328756316471296', 'cjn5te4to0001sbr9p7753lwp', @y);
INSERT INTO items (cuid, created_at, updated_at, cycle_count, product_id, customer_id, last_status_id) VALUES(@y, utc_timestamp(), utc_timestamp(), 0,'XTKrF6RtJhifREPp6', 'cjn5te4to0001sbr9p7753lwp', @x);
INSERT INTO r_f_i_d_tags (cuid, created_at, updated_at, epc, epc_type, identifiable_id, identifiable_type, customer_id) VALUES(uuid_short(), utc_timestamp(), utc_timestamp(), 'AAA00473', 'SGTIN', @y, 'Item', 'cjn5te4to0001sbr9p7753lwp');
SET @x = uuid_short();
SET @y = uuid_short();
INSERT INTO item_statuses (cuid, created_at, updated_at, item_status_type_id, customer_id, item_id) VALUES (@x, utc_timestamp(), utc_timestamp(), '100328756316471296', 'cjn5te4to0001sbr9p7753lwp', @y);
INSERT INTO items (cuid, created_at, updated_at, cycle_count, product_id, customer_id, last_status_id) VALUES(@y, utc_timestamp(), utc_timestamp(), 0,'XTKrF6RtJhifREPp6', 'cjn5te4to0001sbr9p7753lwp', @x);
INSERT INTO r_f_i_d_tags (cuid, created_at, updated_at, epc, epc_type, identifiable_id, identifiable_type, customer_id) VALUES(uuid_short(), utc_timestamp(), utc_timestamp(), 'AAA00397', 'SGTIN', @y, 'Item', 'cjn5te4to0001sbr9p7753lwp');
SET @x = uuid_short();
SET @y = uuid_short();
INSERT INTO item_statuses (cuid, created_at, updated_at, item_status_type_id, customer_id, item_id) VALUES (@x, utc_timestamp(), utc_timestamp(), '100328756316471296', 'cjn5te4to0001sbr9p7753lwp', @y);
INSERT INTO items (cuid, created_at, updated_at, cycle_count, product_id, customer_id, last_status_id) VALUES(@y, utc_timestamp(), utc_timestamp(), 0,'XTKrF6RtJhifREPp6', 'cjn5te4to0001sbr9p7753lwp', @x);
INSERT INTO r_f_i_d_tags (cuid, created_at, updated_at, epc, epc_type, identifiable_id, identifiable_type, customer_id) VALUES(uuid_short(), utc_timestamp(), utc_timestamp(), 'AAA00376', 'SGTIN', @y, 'Item', 'cjn5te4to0001sbr9p7753lwp');
SET @x = uuid_short();
SET @y = uuid_short();
INSERT INTO item_statuses (cuid, created_at, updated_at, item_status_type_id, customer_id, item_id) VALUES (@x, utc_timestamp(), utc_timestamp(), '100328756316471296', 'cjn5te4to0001sbr9p7753lwp', @y);
INSERT INTO items (cuid, created_at, updated_at, cycle_count, product_id, customer_id, last_status_id) VALUES(@y, utc_timestamp(), utc_timestamp(), 0,'XTKrF6RtJhifREPp6', 'cjn5te4to0001sbr9p7753lwp', @x);
INSERT INTO r_f_i_d_tags (cuid, created_at, updated_at, epc, epc_type, identifiable_id, identifiable_type, customer_id) VALUES(uuid_short(), utc_timestamp(), utc_timestamp(), 'AAA00462', 'SGTIN', @y, 'Item', 'cjn5te4to0001sbr9p7753lwp');
SET @x = uuid_short();
SET @y = uuid_short();
INSERT INTO item_statuses (cuid, created_at, updated_at, item_status_type_id, customer_id, item_id) VALUES (@x, utc_timestamp(), utc_timestamp(), '100328756316471296', 'cjn5te4to0001sbr9p7753lwp', @y);
INSERT INTO items (cuid, created_at, updated_at, cycle_count, product_id, customer_id, last_status_id) VALUES(@y, utc_timestamp(), utc_timestamp(), 0,'XTKrF6RtJhifREPp6', 'cjn5te4to0001sbr9p7753lwp', @x);
INSERT INTO r_f_i_d_tags (cuid, created_at, updated_at, epc, epc_type, identifiable_id, identifiable_type, customer_id) VALUES(uuid_short(), utc_timestamp(), utc_timestamp(), 'AAA00107', 'SGTIN', @y, 'Item', 'cjn5te4to0001sbr9p7753lwp');
SET @x = uuid_short();
SET @y = uuid_short();
INSERT INTO item_statuses (cuid, created_at, updated_at, item_status_type_id, customer_id, item_id) VALUES (@x, utc_timestamp(), utc_timestamp(), '100328756316471296', 'cjn5te4to0001sbr9p7753lwp', @y);
INSERT INTO items (cuid, created_at, updated_at, cycle_count, product_id, customer_id, last_status_id) VALUES(@y, utc_timestamp(), utc_timestamp(), 0,'XTKrF6RtJhifREPp6', 'cjn5te4to0001sbr9p7753lwp', @x);
INSERT INTO r_f_i_d_tags (cuid, created_at, updated_at, epc, epc_type, identifiable_id, identifiable_type, customer_id) VALUES(uuid_short(), utc_timestamp(), utc_timestamp(), 'AAA00186', 'SGTIN', @y, 'Item', 'cjn5te4to0001sbr9p7753lwp');
SET @x = uuid_short();
SET @y = uuid_short();
INSERT INTO item_statuses (cuid, created_at, updated_at, item_status_type_id, customer_id, item_id) VALUES (@x, utc_timestamp(), utc_timestamp(), '100328756316471296', 'cjn5te4to0001sbr9p7753lwp', @y);
INSERT INTO items (cuid, created_at, updated_at, cycle_count, product_id, customer_id, last_status_id) VALUES(@y, utc_timestamp(), utc_timestamp(), 0,'XTKrF6RtJhifREPp6', 'cjn5te4to0001sbr9p7753lwp', @x);
INSERT INTO r_f_i_d_tags (cuid, created_at, updated_at, epc, epc_type, identifiable_id, identifiable_type, customer_id) VALUES(uuid_short(), utc_timestamp(), utc_timestamp(), 'AAA00118', 'SGTIN', @y, 'Item', 'cjn5te4to0001sbr9p7753lwp');
SET @x = uuid_short();
SET @y = uuid_short();
INSERT INTO item_statuses (cuid, created_at, updated_at, item_status_type_id, customer_id, item_id) VALUES (@x, utc_timestamp(), utc_timestamp(), '100328756316471296', 'cjn5te4to0001sbr9p7753lwp', @y);
INSERT INTO items (cuid, created_at, updated_at, cycle_count, product_id, customer_id, last_status_id) VALUES(@y, utc_timestamp(), utc_timestamp(), 0,'XTKrF6RtJhifREPp6', 'cjn5te4to0001sbr9p7753lwp', @x);
INSERT INTO r_f_i_d_tags (cuid, created_at, updated_at, epc, epc_type, identifiable_id, identifiable_type, customer_id) VALUES(uuid_short(), utc_timestamp(), utc_timestamp(), 'AAA00131', 'SGTIN', @y, 'Item', 'cjn5te4to0001sbr9p7753lwp');
SET @x = uuid_short();
SET @y = uuid_short();
INSERT INTO item_statuses (cuid, created_at, updated_at, item_status_type_id, customer_id, item_id) VALUES (@x, utc_timestamp(), utc_timestamp(), '100328756316471296', 'cjn5te4to0001sbr9p7753lwp', @y);
INSERT INTO items (cuid, created_at, updated_at, cycle_count, product_id, customer_id, last_status_id) VALUES(@y, utc_timestamp(), utc_timestamp(), 0,'XTKrF6RtJhifREPp6', 'cjn5te4to0001sbr9p7753lwp', @x);
INSERT INTO r_f_i_d_tags (cuid, created_at, updated_at, epc, epc_type, identifiable_id, identifiable_type, customer_id) VALUES(uuid_short(), utc_timestamp(), utc_timestamp(), 'AAA00217', 'SGTIN', @y, 'Item', 'cjn5te4to0001sbr9p7753lwp');
SET @x = uuid_short();
SET @y = uuid_short();
INSERT INTO item_statuses (cuid, created_at, updated_at, item_status_type_id, customer_id, item_id) VALUES (@x, utc_timestamp(), utc_timestamp(), '100328756316471296', 'cjn5te4to0001sbr9p7753lwp', @y);
INSERT INTO items (cuid, created_at, updated_at, cycle_count, product_id, customer_id, last_status_id) VALUES(@y, utc_timestamp(), utc_timestamp(), 0,'XTKrF6RtJhifREPp6', 'cjn5te4to0001sbr9p7753lwp', @x);
INSERT INTO r_f_i_d_tags (cuid, created_at, updated_at, epc, epc_type, identifiable_id, identifiable_type, customer_id) VALUES(uuid_short(), utc_timestamp(), utc_timestamp(), 'AAA00183', 'SGTIN', @y, 'Item', 'cjn5te4to0001sbr9p7753lwp');
SET @x = uuid_short();
SET @y = uuid_short();
INSERT INTO item_statuses (cuid, created_at, updated_at, item_status_type_id, customer_id, item_id) VALUES (@x, utc_timestamp(), utc_timestamp(), '100328756316471296', 'cjn5te4to0001sbr9p7753lwp', @y);
INSERT INTO items (cuid, created_at, updated_at, cycle_count, product_id, customer_id, last_status_id) VALUES(@y, utc_timestamp(), utc_timestamp(), 0,'XTKrF6RtJhifREPp6', 'cjn5te4to0001sbr9p7753lwp', @x);
INSERT INTO r_f_i_d_tags (cuid, created_at, updated_at, epc, epc_type, identifiable_id, identifiable_type, customer_id) VALUES(uuid_short(), utc_timestamp(), utc_timestamp(), 'AAA00119', 'SGTIN', @y, 'Item', 'cjn5te4to0001sbr9p7753lwp');
SET @x = uuid_short();
SET @y = uuid_short();
INSERT INTO item_statuses (cuid, created_at, updated_at, item_status_type_id, customer_id, item_id) VALUES (@x, utc_timestamp(), utc_timestamp(), '100328756316471296', 'cjn5te4to0001sbr9p7753lwp', @y);
INSERT INTO items (cuid, created_at, updated_at, cycle_count, product_id, customer_id, last_status_id) VALUES(@y, utc_timestamp(), utc_timestamp(), 0,'XTKrF6RtJhifREPp6', 'cjn5te4to0001sbr9p7753lwp', @x);
INSERT INTO r_f_i_d_tags (cuid, created_at, updated_at, epc, epc_type, identifiable_id, identifiable_type, customer_id) VALUES(uuid_short(), utc_timestamp(), utc_timestamp(), 'AAA00282', 'SGTIN', @y, 'Item', 'cjn5te4to0001sbr9p7753lwp');
SET @x = uuid_short();
SET @y = uuid_short();
INSERT INTO item_statuses (cuid, created_at, updated_at, item_status_type_id, customer_id, item_id) VALUES (@x, utc_timestamp(), utc_timestamp(), '100328756316471296', 'cjn5te4to0001sbr9p7753lwp', @y);
INSERT INTO items (cuid, created_at, updated_at, cycle_count, product_id, customer_id, last_status_id) VALUES(@y, utc_timestamp(), utc_timestamp(), 0,'XTKrF6RtJhifREPp6', 'cjn5te4to0001sbr9p7753lwp', @x);
INSERT INTO r_f_i_d_tags (cuid, created_at, updated_at, epc, epc_type, identifiable_id, identifiable_type, customer_id) VALUES(uuid_short(), utc_timestamp(), utc_timestamp(), 'AAA00012', 'SGTIN', @y, 'Item', 'cjn5te4to0001sbr9p7753lwp');
SET @x = uuid_short();
SET @y = uuid_short();
INSERT INTO item_statuses (cuid, created_at, updated_at, item_status_type_id, customer_id, item_id) VALUES (@x, utc_timestamp(), utc_timestamp(), '100328756316471296', 'cjn5te4to0001sbr9p7753lwp', @y);
INSERT INTO items (cuid, created_at, updated_at, cycle_count, product_id, customer_id, last_status_id) VALUES(@y, utc_timestamp(), utc_timestamp(), 0,'XTKrF6RtJhifREPp6', 'cjn5te4to0001sbr9p7753lwp', @x);
INSERT INTO r_f_i_d_tags (cuid, created_at, updated_at, epc, epc_type, identifiable_id, identifiable_type, customer_id) VALUES(uuid_short(), utc_timestamp(), utc_timestamp(), 'AAA00035', 'SGTIN', @y, 'Item', 'cjn5te4to0001sbr9p7753lwp');
SET @x = uuid_short();
SET @y = uuid_short();
INSERT INTO item_statuses (cuid, created_at, updated_at, item_status_type_id, customer_id, item_id) VALUES (@x, utc_timestamp(), utc_timestamp(), '100328756316471296', 'cjn5te4to0001sbr9p7753lwp', @y);
INSERT INTO items (cuid, created_at, updated_at, cycle_count, product_id, customer_id, last_status_id) VALUES(@y, utc_timestamp(), utc_timestamp(), 0,'XTKrF6RtJhifREPp6', 'cjn5te4to0001sbr9p7753lwp', @x);
INSERT INTO r_f_i_d_tags (cuid, created_at, updated_at, epc, epc_type, identifiable_id, identifiable_type, customer_id) VALUES(uuid_short(), utc_timestamp(), utc_timestamp(), 'AAA00365', 'SGTIN', @y, 'Item', 'cjn5te4to0001sbr9p7753lwp');
SET @x = uuid_short();
SET @y = uuid_short();
INSERT INTO item_statuses (cuid, created_at, updated_at, item_status_type_id, customer_id, item_id) VALUES (@x, utc_timestamp(), utc_timestamp(), '100328756316471296', 'cjn5te4to0001sbr9p7753lwp', @y);
INSERT INTO items (cuid, created_at, updated_at, cycle_count, product_id, customer_id, last_status_id) VALUES(@y, utc_timestamp(), utc_timestamp(), 0,'XTKrF6RtJhifREPp6', 'cjn5te4to0001sbr9p7753lwp', @x);
INSERT INTO r_f_i_d_tags (cuid, created_at, updated_at, epc, epc_type, identifiable_id, identifiable_type, customer_id) VALUES(uuid_short(), utc_timestamp(), utc_timestamp(), 'AAA00003', 'SGTIN', @y, 'Item', 'cjn5te4to0001sbr9p7753lwp');
SET @x = uuid_short();
SET @y = uuid_short();
INSERT INTO item_statuses (cuid, created_at, updated_at, item_status_type_id, customer_id, item_id) VALUES (@x, utc_timestamp(), utc_timestamp(), '100328756316471296', 'cjn5te4to0001sbr9p7753lwp', @y);
INSERT INTO items (cuid, created_at, updated_at, cycle_count, product_id, customer_id, last_status_id) VALUES(@y, utc_timestamp(), utc_timestamp(), 0,'XTKrF6RtJhifREPp6', 'cjn5te4to0001sbr9p7753lwp', @x);
INSERT INTO r_f_i_d_tags (cuid, created_at, updated_at, epc, epc_type, identifiable_id, identifiable_type, customer_id) VALUES(uuid_short(), utc_timestamp(), utc_timestamp(), 'AAA00337', 'SGTIN', @y, 'Item', 'cjn5te4to0001sbr9p7753lwp');
SET @x = uuid_short();
SET @y = uuid_short();
INSERT INTO item_statuses (cuid, created_at, updated_at, item_status_type_id, customer_id, item_id) VALUES (@x, utc_timestamp(), utc_timestamp(), '100328756316471296', 'cjn5te4to0001sbr9p7753lwp', @y);
INSERT INTO items (cuid, created_at, updated_at, cycle_count, product_id, customer_id, last_status_id) VALUES(@y, utc_timestamp(), utc_timestamp(), 0,'XTKrF6RtJhifREPp6', 'cjn5te4to0001sbr9p7753lwp', @x);
INSERT INTO r_f_i_d_tags (cuid, created_at, updated_at, epc, epc_type, identifiable_id, identifiable_type, customer_id) VALUES(uuid_short(), utc_timestamp(), utc_timestamp(), 'AAA00081', 'SGTIN', @y, 'Item', 'cjn5te4to0001sbr9p7753lwp');
SET @x = uuid_short();
SET @y = uuid_short();
INSERT INTO item_statuses (cuid, created_at, updated_at, item_status_type_id, customer_id, item_id) VALUES (@x, utc_timestamp(), utc_timestamp(), '100328756316471296', 'cjn5te4to0001sbr9p7753lwp', @y);
INSERT INTO items (cuid, created_at, updated_at, cycle_count, product_id, customer_id, last_status_id) VALUES(@y, utc_timestamp(), utc_timestamp(), 0,'XTKrF6RtJhifREPp6', 'cjn5te4to0001sbr9p7753lwp', @x);
INSERT INTO r_f_i_d_tags (cuid, created_at, updated_at, epc, epc_type, identifiable_id, identifiable_type, customer_id) VALUES(uuid_short(), utc_timestamp(), utc_timestamp(), 'AAA00356', 'SGTIN', @y, 'Item', 'cjn5te4to0001sbr9p7753lwp');
SET @x = uuid_short();
SET @y = uuid_short();
INSERT INTO item_statuses (cuid, created_at, updated_at, item_status_type_id, customer_id, item_id) VALUES (@x, utc_timestamp(), utc_timestamp(), '100328756316471296', 'cjn5te4to0001sbr9p7753lwp', @y);
INSERT INTO items (cuid, created_at, updated_at, cycle_count, product_id, customer_id, last_status_id) VALUES(@y, utc_timestamp(), utc_timestamp(), 0,'XTKrF6RtJhifREPp6', 'cjn5te4to0001sbr9p7753lwp', @x);
INSERT INTO r_f_i_d_tags (cuid, created_at, updated_at, epc, epc_type, identifiable_id, identifiable_type, customer_id) VALUES(uuid_short(), utc_timestamp(), utc_timestamp(), 'AAA00125', 'SGTIN', @y, 'Item', 'cjn5te4to0001sbr9p7753lwp');
SET @x = uuid_short();
SET @y = uuid_short();
INSERT INTO item_statuses (cuid, created_at, updated_at, item_status_type_id, customer_id, item_id) VALUES (@x, utc_timestamp(), utc_timestamp(), '100328756316471296', 'cjn5te4to0001sbr9p7753lwp', @y);
INSERT INTO items (cuid, created_at, updated_at, cycle_count, product_id, customer_id, last_status_id) VALUES(@y, utc_timestamp(), utc_timestamp(), 0,'XTKrF6RtJhifREPp6', 'cjn5te4to0001sbr9p7753lwp', @x);
INSERT INTO r_f_i_d_tags (cuid, created_at, updated_at, epc, epc_type, identifiable_id, identifiable_type, customer_id) VALUES(uuid_short(), utc_timestamp(), utc_timestamp(), 'AAA00434', 'SGTIN', @y, 'Item', 'cjn5te4to0001sbr9p7753lwp');
SET @x = uuid_short();
SET @y = uuid_short();
INSERT INTO item_statuses (cuid, created_at, updated_at, item_status_type_id, customer_id, item_id) VALUES (@x, utc_timestamp(), utc_timestamp(), '100328756316471296', 'cjn5te4to0001sbr9p7753lwp', @y);
INSERT INTO items (cuid, created_at, updated_at, cycle_count, product_id, customer_id, last_status_id) VALUES(@y, utc_timestamp(), utc_timestamp(), 0,'XTKrF6RtJhifREPp6', 'cjn5te4to0001sbr9p7753lwp', @x);
INSERT INTO r_f_i_d_tags (cuid, created_at, updated_at, epc, epc_type, identifiable_id, identifiable_type, customer_id) VALUES(uuid_short(), utc_timestamp(), utc_timestamp(), 'AAA00134', 'SGTIN', @y, 'Item', 'cjn5te4to0001sbr9p7753lwp');
SET @x = uuid_short();
SET @y = uuid_short();
INSERT INTO item_statuses (cuid, created_at, updated_at, item_status_type_id, customer_id, item_id) VALUES (@x, utc_timestamp(), utc_timestamp(), '100328756316471296', 'cjn5te4to0001sbr9p7753lwp', @y);
INSERT INTO items (cuid, created_at, updated_at, cycle_count, product_id, customer_id, last_status_id) VALUES(@y, utc_timestamp(), utc_timestamp(), 0,'XTKrF6RtJhifREPp6', 'cjn5te4to0001sbr9p7753lwp', @x);
INSERT INTO r_f_i_d_tags (cuid, created_at, updated_at, epc, epc_type, identifiable_id, identifiable_type, customer_id) VALUES(uuid_short(), utc_timestamp(), utc_timestamp(), 'AAA00257', 'SGTIN', @y, 'Item', 'cjn5te4to0001sbr9p7753lwp');
SET @x = uuid_short();
SET @y = uuid_short();
INSERT INTO item_statuses (cuid, created_at, updated_at, item_status_type_id, customer_id, item_id) VALUES (@x, utc_timestamp(), utc_timestamp(), '100328756316471296', 'cjn5te4to0001sbr9p7753lwp', @y);
INSERT INTO items (cuid, created_at, updated_at, cycle_count, product_id, customer_id, last_status_id) VALUES(@y, utc_timestamp(), utc_timestamp(), 0,'XTKrF6RtJhifREPp6', 'cjn5te4to0001sbr9p7753lwp', @x);
INSERT INTO r_f_i_d_tags (cuid, created_at, updated_at, epc, epc_type, identifiable_id, identifiable_type, customer_id) VALUES(uuid_short(), utc_timestamp(), utc_timestamp(), 'AAA00463', 'SGTIN', @y, 'Item', 'cjn5te4to0001sbr9p7753lwp');
SET @x = uuid_short();
SET @y = uuid_short();
INSERT INTO item_statuses (cuid, created_at, updated_at, item_status_type_id, customer_id, item_id) VALUES (@x, utc_timestamp(), utc_timestamp(), '100328756316471296', 'cjn5te4to0001sbr9p7753lwp', @y);
INSERT INTO items (cuid, created_at, updated_at, cycle_count, product_id, customer_id, last_status_id) VALUES(@y, utc_timestamp(), utc_timestamp(), 0,'XTKrF6RtJhifREPp6', 'cjn5te4to0001sbr9p7753lwp', @x);
INSERT INTO r_f_i_d_tags (cuid, created_at, updated_at, epc, epc_type, identifiable_id, identifiable_type, customer_id) VALUES(uuid_short(), utc_timestamp(), utc_timestamp(), 'AAA00218', 'SGTIN', @y, 'Item', 'cjn5te4to0001sbr9p7753lwp');
SET @x = uuid_short();
SET @y = uuid_short();
INSERT INTO item_statuses (cuid, created_at, updated_at, item_status_type_id, customer_id, item_id) VALUES (@x, utc_timestamp(), utc_timestamp(), '100328756316471296', 'cjn5te4to0001sbr9p7753lwp', @y);
INSERT INTO items (cuid, created_at, updated_at, cycle_count, product_id, customer_id, last_status_id) VALUES(@y, utc_timestamp(), utc_timestamp(), 0,'XTKrF6RtJhifREPp6', 'cjn5te4to0001sbr9p7753lwp', @x);
INSERT INTO r_f_i_d_tags (cuid, created_at, updated_at, epc, epc_type, identifiable_id, identifiable_type, customer_id) VALUES(uuid_short(), utc_timestamp(), utc_timestamp(), 'AAA00335', 'SGTIN', @y, 'Item', 'cjn5te4to0001sbr9p7753lwp');
SET @x = uuid_short();
SET @y = uuid_short();
INSERT INTO item_statuses (cuid, created_at, updated_at, item_status_type_id, customer_id, item_id) VALUES (@x, utc_timestamp(), utc_timestamp(), '100328756316471296', 'cjn5te4to0001sbr9p7753lwp', @y);
INSERT INTO items (cuid, created_at, updated_at, cycle_count, product_id, customer_id, last_status_id) VALUES(@y, utc_timestamp(), utc_timestamp(), 0,'XTKrF6RtJhifREPp6', 'cjn5te4to0001sbr9p7753lwp', @x);
INSERT INTO r_f_i_d_tags (cuid, created_at, updated_at, epc, epc_type, identifiable_id, identifiable_type, customer_id) VALUES(uuid_short(), utc_timestamp(), utc_timestamp(), 'AAA00027', 'SGTIN', @y, 'Item', 'cjn5te4to0001sbr9p7753lwp');
SET @x = uuid_short();
SET @y = uuid_short();
INSERT INTO item_statuses (cuid, created_at, updated_at, item_status_type_id, customer_id, item_id) VALUES (@x, utc_timestamp(), utc_timestamp(), '100328756316471296', 'cjn5te4to0001sbr9p7753lwp', @y);
INSERT INTO items (cuid, created_at, updated_at, cycle_count, product_id, customer_id, last_status_id) VALUES(@y, utc_timestamp(), utc_timestamp(), 0,'XTKrF6RtJhifREPp6', 'cjn5te4to0001sbr9p7753lwp', @x);
INSERT INTO r_f_i_d_tags (cuid, created_at, updated_at, epc, epc_type, identifiable_id, identifiable_type, customer_id) VALUES(uuid_short(), utc_timestamp(), utc_timestamp(), 'AAA00246', 'SGTIN', @y, 'Item', 'cjn5te4to0001sbr9p7753lwp');
SET @x = uuid_short();
SET @y = uuid_short();
INSERT INTO item_statuses (cuid, created_at, updated_at, item_status_type_id, customer_id, item_id) VALUES (@x, utc_timestamp(), utc_timestamp(), '100328756316471296', 'cjn5te4to0001sbr9p7753lwp', @y);
INSERT INTO items (cuid, created_at, updated_at, cycle_count, product_id, customer_id, last_status_id) VALUES(@y, utc_timestamp(), utc_timestamp(), 0,'XTKrF6RtJhifREPp6', 'cjn5te4to0001sbr9p7753lwp', @x);
INSERT INTO r_f_i_d_tags (cuid, created_at, updated_at, epc, epc_type, identifiable_id, identifiable_type, customer_id) VALUES(uuid_short(), utc_timestamp(), utc_timestamp(), 'AAA00468', 'SGTIN', @y, 'Item', 'cjn5te4to0001sbr9p7753lwp');
SET FOREIGN_KEY_CHECKS=1;


SET FOREIGN_KEY_CHECKS=0;
SET @x = uuid_short();
SET @y = uuid_short();
INSERT INTO item_statuses (cuid, created_at, updated_at, item_status_type_id, customer_id, item_id) VALUES (@x, utc_timestamp(), utc_timestamp(), '100328756316471296', 'cjn5te4to0001sbr9p7753lwp', @y);
INSERT INTO items (cuid, created_at, updated_at, cycle_count, product_id, customer_id, last_status_id) VALUES(@y, utc_timestamp(), utc_timestamp(), 0,'x9K03x1a2s27FpdeS', 'cjn5te4to0001sbr9p7753lwp', @x);
INSERT INTO r_f_i_d_tags (cuid, created_at, updated_at, epc, epc_type, identifiable_id, identifiable_type, customer_id) VALUES(uuid_short(), utc_timestamp(), utc_timestamp(), 'AAA00271', 'SGTIN', @y, 'Item', 'cjn5te4to0001sbr9p7753lwp');
SET @x = uuid_short();
SET @y = uuid_short();
INSERT INTO item_statuses (cuid, created_at, updated_at, item_status_type_id, customer_id, item_id) VALUES (@x, utc_timestamp(), utc_timestamp(), '100328756316471296', 'cjn5te4to0001sbr9p7753lwp', @y);
INSERT INTO items (cuid, created_at, updated_at, cycle_count, product_id, customer_id, last_status_id) VALUES(@y, utc_timestamp(), utc_timestamp(), 0,'x9K03x1a2s27FpdeS', 'cjn5te4to0001sbr9p7753lwp', @x);
INSERT INTO r_f_i_d_tags (cuid, created_at, updated_at, epc, epc_type, identifiable_id, identifiable_type, customer_id) VALUES(uuid_short(), utc_timestamp(), utc_timestamp(), 'AAA00380', 'SGTIN', @y, 'Item', 'cjn5te4to0001sbr9p7753lwp');
SET @x = uuid_short();
SET @y = uuid_short();
INSERT INTO item_statuses (cuid, created_at, updated_at, item_status_type_id, customer_id, item_id) VALUES (@x, utc_timestamp(), utc_timestamp(), '100328756316471296', 'cjn5te4to0001sbr9p7753lwp', @y);
INSERT INTO items (cuid, created_at, updated_at, cycle_count, product_id, customer_id, last_status_id) VALUES(@y, utc_timestamp(), utc_timestamp(), 0,'x9K03x1a2s27FpdeS', 'cjn5te4to0001sbr9p7753lwp', @x);
INSERT INTO r_f_i_d_tags (cuid, created_at, updated_at, epc, epc_type, identifiable_id, identifiable_type, customer_id) VALUES(uuid_short(), utc_timestamp(), utc_timestamp(), 'AAA00413', 'SGTIN', @y, 'Item', 'cjn5te4to0001sbr9p7753lwp');
SET @x = uuid_short();
SET @y = uuid_short();
INSERT INTO item_statuses (cuid, created_at, updated_at, item_status_type_id, customer_id, item_id) VALUES (@x, utc_timestamp(), utc_timestamp(), '100328756316471296', 'cjn5te4to0001sbr9p7753lwp', @y);
INSERT INTO items (cuid, created_at, updated_at, cycle_count, product_id, customer_id, last_status_id) VALUES(@y, utc_timestamp(), utc_timestamp(), 0,'x9K03x1a2s27FpdeS', 'cjn5te4to0001sbr9p7753lwp', @x);
INSERT INTO r_f_i_d_tags (cuid, created_at, updated_at, epc, epc_type, identifiable_id, identifiable_type, customer_id) VALUES(uuid_short(), utc_timestamp(), utc_timestamp(), 'AAA00398', 'SGTIN', @y, 'Item', 'cjn5te4to0001sbr9p7753lwp');
SET @x = uuid_short();
SET @y = uuid_short();
INSERT INTO item_statuses (cuid, created_at, updated_at, item_status_type_id, customer_id, item_id) VALUES (@x, utc_timestamp(), utc_timestamp(), '100328756316471296', 'cjn5te4to0001sbr9p7753lwp', @y);
INSERT INTO items (cuid, created_at, updated_at, cycle_count, product_id, customer_id, last_status_id) VALUES(@y, utc_timestamp(), utc_timestamp(), 0,'x9K03x1a2s27FpdeS', 'cjn5te4to0001sbr9p7753lwp', @x);
INSERT INTO r_f_i_d_tags (cuid, created_at, updated_at, epc, epc_type, identifiable_id, identifiable_type, customer_id) VALUES(uuid_short(), utc_timestamp(), utc_timestamp(), 'AAA00474', 'SGTIN', @y, 'Item', 'cjn5te4to0001sbr9p7753lwp');
SET @x = uuid_short();
SET @y = uuid_short();
INSERT INTO item_statuses (cuid, created_at, updated_at, item_status_type_id, customer_id, item_id) VALUES (@x, utc_timestamp(), utc_timestamp(), '100328756316471296', 'cjn5te4to0001sbr9p7753lwp', @y);
INSERT INTO items (cuid, created_at, updated_at, cycle_count, product_id, customer_id, last_status_id) VALUES(@y, utc_timestamp(), utc_timestamp(), 0,'x9K03x1a2s27FpdeS', 'cjn5te4to0001sbr9p7753lwp', @x);
INSERT INTO r_f_i_d_tags (cuid, created_at, updated_at, epc, epc_type, identifiable_id, identifiable_type, customer_id) VALUES(uuid_short(), utc_timestamp(), utc_timestamp(), 'AAA00402', 'SGTIN', @y, 'Item', 'cjn5te4to0001sbr9p7753lwp');
SET @x = uuid_short();
SET @y = uuid_short();
INSERT INTO item_statuses (cuid, created_at, updated_at, item_status_type_id, customer_id, item_id) VALUES (@x, utc_timestamp(), utc_timestamp(), '100328756316471296', 'cjn5te4to0001sbr9p7753lwp', @y);
INSERT INTO items (cuid, created_at, updated_at, cycle_count, product_id, customer_id, last_status_id) VALUES(@y, utc_timestamp(), utc_timestamp(), 0,'x9K03x1a2s27FpdeS', 'cjn5te4to0001sbr9p7753lwp', @x);
INSERT INTO r_f_i_d_tags (cuid, created_at, updated_at, epc, epc_type, identifiable_id, identifiable_type, customer_id) VALUES(uuid_short(), utc_timestamp(), utc_timestamp(), 'AAA00189', 'SGTIN', @y, 'Item', 'cjn5te4to0001sbr9p7753lwp');
SET @x = uuid_short();
SET @y = uuid_short();
INSERT INTO item_statuses (cuid, created_at, updated_at, item_status_type_id, customer_id, item_id) VALUES (@x, utc_timestamp(), utc_timestamp(), '100328756316471296', 'cjn5te4to0001sbr9p7753lwp', @y);
INSERT INTO items (cuid, created_at, updated_at, cycle_count, product_id, customer_id, last_status_id) VALUES(@y, utc_timestamp(), utc_timestamp(), 0,'x9K03x1a2s27FpdeS', 'cjn5te4to0001sbr9p7753lwp', @x);
INSERT INTO r_f_i_d_tags (cuid, created_at, updated_at, epc, epc_type, identifiable_id, identifiable_type, customer_id) VALUES(uuid_short(), utc_timestamp(), utc_timestamp(), 'AAA00223', 'SGTIN', @y, 'Item', 'cjn5te4to0001sbr9p7753lwp');
SET @x = uuid_short();
SET @y = uuid_short();
INSERT INTO item_statuses (cuid, created_at, updated_at, item_status_type_id, customer_id, item_id) VALUES (@x, utc_timestamp(), utc_timestamp(), '100328756316471296', 'cjn5te4to0001sbr9p7753lwp', @y);
INSERT INTO items (cuid, created_at, updated_at, cycle_count, product_id, customer_id, last_status_id) VALUES(@y, utc_timestamp(), utc_timestamp(), 0,'x9K03x1a2s27FpdeS', 'cjn5te4to0001sbr9p7753lwp', @x);
INSERT INTO r_f_i_d_tags (cuid, created_at, updated_at, epc, epc_type, identifiable_id, identifiable_type, customer_id) VALUES(uuid_short(), utc_timestamp(), utc_timestamp(), 'AAA00219', 'SGTIN', @y, 'Item', 'cjn5te4to0001sbr9p7753lwp');
SET @x = uuid_short();
SET @y = uuid_short();
INSERT INTO item_statuses (cuid, created_at, updated_at, item_status_type_id, customer_id, item_id) VALUES (@x, utc_timestamp(), utc_timestamp(), '100328756316471296', 'cjn5te4to0001sbr9p7753lwp', @y);
INSERT INTO items (cuid, created_at, updated_at, cycle_count, product_id, customer_id, last_status_id) VALUES(@y, utc_timestamp(), utc_timestamp(), 0,'x9K03x1a2s27FpdeS', 'cjn5te4to0001sbr9p7753lwp', @x);
INSERT INTO r_f_i_d_tags (cuid, created_at, updated_at, epc, epc_type, identifiable_id, identifiable_type, customer_id) VALUES(uuid_short(), utc_timestamp(), utc_timestamp(), 'AAA00425', 'SGTIN', @y, 'Item', 'cjn5te4to0001sbr9p7753lwp');
SET @x = uuid_short();
SET @y = uuid_short();
INSERT INTO item_statuses (cuid, created_at, updated_at, item_status_type_id, customer_id, item_id) VALUES (@x, utc_timestamp(), utc_timestamp(), '100328756316471296', 'cjn5te4to0001sbr9p7753lwp', @y);
INSERT INTO items (cuid, created_at, updated_at, cycle_count, product_id, customer_id, last_status_id) VALUES(@y, utc_timestamp(), utc_timestamp(), 0,'x9K03x1a2s27FpdeS', 'cjn5te4to0001sbr9p7753lwp', @x);
INSERT INTO r_f_i_d_tags (cuid, created_at, updated_at, epc, epc_type, identifiable_id, identifiable_type, customer_id) VALUES(uuid_short(), utc_timestamp(), utc_timestamp(), 'AAA00419', 'SGTIN', @y, 'Item', 'cjn5te4to0001sbr9p7753lwp');
SET @x = uuid_short();
SET @y = uuid_short();
INSERT INTO item_statuses (cuid, created_at, updated_at, item_status_type_id, customer_id, item_id) VALUES (@x, utc_timestamp(), utc_timestamp(), '100328756316471296', 'cjn5te4to0001sbr9p7753lwp', @y);
INSERT INTO items (cuid, created_at, updated_at, cycle_count, product_id, customer_id, last_status_id) VALUES(@y, utc_timestamp(), utc_timestamp(), 0,'x9K03x1a2s27FpdeS', 'cjn5te4to0001sbr9p7753lwp', @x);
INSERT INTO r_f_i_d_tags (cuid, created_at, updated_at, epc, epc_type, identifiable_id, identifiable_type, customer_id) VALUES(uuid_short(), utc_timestamp(), utc_timestamp(), 'AAA00423', 'SGTIN', @y, 'Item', 'cjn5te4to0001sbr9p7753lwp');
SET @x = uuid_short();
SET @y = uuid_short();
INSERT INTO item_statuses (cuid, created_at, updated_at, item_status_type_id, customer_id, item_id) VALUES (@x, utc_timestamp(), utc_timestamp(), '100328756316471296', 'cjn5te4to0001sbr9p7753lwp', @y);
INSERT INTO items (cuid, created_at, updated_at, cycle_count, product_id, customer_id, last_status_id) VALUES(@y, utc_timestamp(), utc_timestamp(), 0,'x9K03x1a2s27FpdeS', 'cjn5te4to0001sbr9p7753lwp', @x);
INSERT INTO r_f_i_d_tags (cuid, created_at, updated_at, epc, epc_type, identifiable_id, identifiable_type, customer_id) VALUES(uuid_short(), utc_timestamp(), utc_timestamp(), 'AAA00286', 'SGTIN', @y, 'Item', 'cjn5te4to0001sbr9p7753lwp');
SET @x = uuid_short();
SET @y = uuid_short();
INSERT INTO item_statuses (cuid, created_at, updated_at, item_status_type_id, customer_id, item_id) VALUES (@x, utc_timestamp(), utc_timestamp(), '100328756316471296', 'cjn5te4to0001sbr9p7753lwp', @y);
INSERT INTO items (cuid, created_at, updated_at, cycle_count, product_id, customer_id, last_status_id) VALUES(@y, utc_timestamp(), utc_timestamp(), 0,'x9K03x1a2s27FpdeS', 'cjn5te4to0001sbr9p7753lwp', @x);
INSERT INTO r_f_i_d_tags (cuid, created_at, updated_at, epc, epc_type, identifiable_id, identifiable_type, customer_id) VALUES(uuid_short(), utc_timestamp(), utc_timestamp(), 'AAA00165', 'SGTIN', @y, 'Item', 'cjn5te4to0001sbr9p7753lwp');
SET @x = uuid_short();
SET @y = uuid_short();
INSERT INTO item_statuses (cuid, created_at, updated_at, item_status_type_id, customer_id, item_id) VALUES (@x, utc_timestamp(), utc_timestamp(), '100328756316471296', 'cjn5te4to0001sbr9p7753lwp', @y);
INSERT INTO items (cuid, created_at, updated_at, cycle_count, product_id, customer_id, last_status_id) VALUES(@y, utc_timestamp(), utc_timestamp(), 0,'x9K03x1a2s27FpdeS', 'cjn5te4to0001sbr9p7753lwp', @x);
INSERT INTO r_f_i_d_tags (cuid, created_at, updated_at, epc, epc_type, identifiable_id, identifiable_type, customer_id) VALUES(uuid_short(), utc_timestamp(), utc_timestamp(), 'AAA00159', 'SGTIN', @y, 'Item', 'cjn5te4to0001sbr9p7753lwp');
SET @x = uuid_short();
SET @y = uuid_short();
INSERT INTO item_statuses (cuid, created_at, updated_at, item_status_type_id, customer_id, item_id) VALUES (@x, utc_timestamp(), utc_timestamp(), '100328756316471296', 'cjn5te4to0001sbr9p7753lwp', @y);
INSERT INTO items (cuid, created_at, updated_at, cycle_count, product_id, customer_id, last_status_id) VALUES(@y, utc_timestamp(), utc_timestamp(), 0,'x9K03x1a2s27FpdeS', 'cjn5te4to0001sbr9p7753lwp', @x);
INSERT INTO r_f_i_d_tags (cuid, created_at, updated_at, epc, epc_type, identifiable_id, identifiable_type, customer_id) VALUES(uuid_short(), utc_timestamp(), utc_timestamp(), 'AAA00439', 'SGTIN', @y, 'Item', 'cjn5te4to0001sbr9p7753lwp');
SET FOREIGN_KEY_CHECKS=1;

SET FOREIGN_KEY_CHECKS=0;
SET @x = uuid_short();
SET @y = uuid_short();
INSERT INTO item_statuses (cuid, created_at, updated_at, item_status_type_id, customer_id, item_id) VALUES (@x, utc_timestamp(), utc_timestamp(), '100328756316471296', 'cjn5te4to0001sbr9p7753lwp', @y);
INSERT INTO items (cuid, created_at, updated_at, cycle_count, product_id, customer_id, last_status_id) VALUES(@y, utc_timestamp(), utc_timestamp(), 0,'5jbSzvcXuHR8Dh5N6', 'cjn5te4to0001sbr9p7753lwp', @x);
INSERT INTO r_f_i_d_tags (cuid, created_at, updated_at, epc, epc_type, identifiable_id, identifiable_type, customer_id) VALUES(uuid_short(), utc_timestamp(), utc_timestamp(), 'AAA00521', 'SGTIN', @y, 'Item', 'cjn5te4to0001sbr9p7753lwp');
SET @x = uuid_short();
SET @y = uuid_short();
INSERT INTO item_statuses (cuid, created_at, updated_at, item_status_type_id, customer_id, item_id) VALUES (@x, utc_timestamp(), utc_timestamp(), '100328756316471296', 'cjn5te4to0001sbr9p7753lwp', @y);
INSERT INTO items (cuid, created_at, updated_at, cycle_count, product_id, customer_id, last_status_id) VALUES(@y, utc_timestamp(), utc_timestamp(), 0,'5jbSzvcXuHR8Dh5N6', 'cjn5te4to0001sbr9p7753lwp', @x);
INSERT INTO r_f_i_d_tags (cuid, created_at, updated_at, epc, epc_type, identifiable_id, identifiable_type, customer_id) VALUES(uuid_short(), utc_timestamp(), utc_timestamp(), 'AAA00523', 'SGTIN', @y, 'Item', 'cjn5te4to0001sbr9p7753lwp');
SET @x = uuid_short();
SET @y = uuid_short();
INSERT INTO item_statuses (cuid, created_at, updated_at, item_status_type_id, customer_id, item_id) VALUES (@x, utc_timestamp(), utc_timestamp(), '100328756316471296', 'cjn5te4to0001sbr9p7753lwp', @y);
INSERT INTO items (cuid, created_at, updated_at, cycle_count, product_id, customer_id, last_status_id) VALUES(@y, utc_timestamp(), utc_timestamp(), 0,'5jbSzvcXuHR8Dh5N6', 'cjn5te4to0001sbr9p7753lwp', @x);
INSERT INTO r_f_i_d_tags (cuid, created_at, updated_at, epc, epc_type, identifiable_id, identifiable_type, customer_id) VALUES(uuid_short(), utc_timestamp(), utc_timestamp(), 'AAA00510', 'SGTIN', @y, 'Item', 'cjn5te4to0001sbr9p7753lwp');
SET @x = uuid_short();
SET @y = uuid_short();
INSERT INTO item_statuses (cuid, created_at, updated_at, item_status_type_id, customer_id, item_id) VALUES (@x, utc_timestamp(), utc_timestamp(), '100328756316471296', 'cjn5te4to0001sbr9p7753lwp', @y);
INSERT INTO items (cuid, created_at, updated_at, cycle_count, product_id, customer_id, last_status_id) VALUES(@y, utc_timestamp(), utc_timestamp(), 0,'5jbSzvcXuHR8Dh5N6', 'cjn5te4to0001sbr9p7753lwp', @x);
INSERT INTO r_f_i_d_tags (cuid, created_at, updated_at, epc, epc_type, identifiable_id, identifiable_type, customer_id) VALUES(uuid_short(), utc_timestamp(), utc_timestamp(), 'AAA00511', 'SGTIN', @y, 'Item', 'cjn5te4to0001sbr9p7753lwp');
SET @x = uuid_short();
SET @y = uuid_short();
INSERT INTO item_statuses (cuid, created_at, updated_at, item_status_type_id, customer_id, item_id) VALUES (@x, utc_timestamp(), utc_timestamp(), '100328756316471296', 'cjn5te4to0001sbr9p7753lwp', @y);
INSERT INTO items (cuid, created_at, updated_at, cycle_count, product_id, customer_id, last_status_id) VALUES(@y, utc_timestamp(), utc_timestamp(), 0,'5jbSzvcXuHR8Dh5N6', 'cjn5te4to0001sbr9p7753lwp', @x);
INSERT INTO r_f_i_d_tags (cuid, created_at, updated_at, epc, epc_type, identifiable_id, identifiable_type, customer_id) VALUES(uuid_short(), utc_timestamp(), utc_timestamp(), 'AAA00524', 'SGTIN', @y, 'Item', 'cjn5te4to0001sbr9p7753lwp');
SET @x = uuid_short();
SET @y = uuid_short();
INSERT INTO item_statuses (cuid, created_at, updated_at, item_status_type_id, customer_id, item_id) VALUES (@x, utc_timestamp(), utc_timestamp(), '100328756316471296', 'cjn5te4to0001sbr9p7753lwp', @y);
INSERT INTO items (cuid, created_at, updated_at, cycle_count, product_id, customer_id, last_status_id) VALUES(@y, utc_timestamp(), utc_timestamp(), 0,'5jbSzvcXuHR8Dh5N6', 'cjn5te4to0001sbr9p7753lwp', @x);
INSERT INTO r_f_i_d_tags (cuid, created_at, updated_at, epc, epc_type, identifiable_id, identifiable_type, customer_id) VALUES(uuid_short(), utc_timestamp(), utc_timestamp(), 'AAA00509', 'SGTIN', @y, 'Item', 'cjn5te4to0001sbr9p7753lwp');
SET FOREIGN_KEY_CHECKS=1;

INSERT INTO cintas.readers
(cuid, created_at, updated_at, id, display_label, ip_address, facility_id, customer_id)
VALUES(uuid_short(), '2023-05-25 14:53:52.000', '2023-05-25 14:53:52.000', 'Dryer-1', 'Dryer Reader', '192.168.178.206', 'cjnadbv8q0003vwt9ee1e9sud', 'cjn5te4to0001sbr9p7753lwp');
INSERT INTO cintas.readers
(cuid, created_at, updated_at, id, display_label, ip_address, facility_id, customer_id)
VALUES(uuid_short(), '2023-05-25 14:53:52.000', '2023-05-25 14:53:52.000', 'Portal-Out-1', 'Portal Out Gate', '192.168.178.203', 'cjnadbv8q0003vwt9ee1e9sud', 'cjn5te4to0001sbr9p7753lwp');
INSERT INTO cintas.readers
(cuid, created_at, updated_at, id, display_label, ip_address, facility_id, customer_id)
VALUES(uuid_short(), '2023-05-25 14:53:52.000', '2023-05-25 14:53:52.000', 'Portal-In-1', 'Portal In Gate', '192.168.178.205', 'cjnadbv8q0003vwt9ee1e9sud', 'cjn5te4to0001sbr9p7753lwp');
INSERT INTO cintas.readers
(cuid, created_at, updated_at, id, display_label, ip_address, facility_id, customer_id)
VALUES(uuid_short(), '2023-05-25 14:53:52.000', '2023-05-25 14:53:52.000', 'Table-1', 'Bundling Station', '192.168.178.200', 'cjnadbv8q0003vwt9ee1e9sud', 'cjn5te4to0001sbr9p7753lwp');

